Terr,Name,age,address_line1,city,state,zip,zip4,zipfull,Updated,PreName,FirstName,MiddleName,LastName,PostName,Latitude,Longitude,Grouping,Address,Results,Phone,Mobile,Notes,Status
128,Erwin J Durrer,,109 Canyon Vista Pl ,Alamo,CA,94507,2732,94507-2732,6/18/2021,Mr,Erwin,J,Durrer,,37.847619,-121.983209,Canyon Vista Pl,"109 Canyon Vista Pl, Alamo, CA 94507-2732",,,,Home: (000) 000-0000 Cell: (000) 000-0000,
128,Shaun K Ahern,,114 Canyon Vista Pl ,Alamo,CA,94507,2730,94507-2730,6/18/2021,Mr,Shaun,K,Ahern,,37.847274,-121.98285,Canyon Vista Pl,"114 Canyon Vista Pl, Alamo, CA 94507-2730",,,,Home: (000) 000-0000 Cell: (000) 000-0000,
128,Gary L Gapp,,119 Canyon Vista Pl ,Alamo,CA,94507,2732,94507-2732,6/18/2021,Mr,Gary,L,Gapp,,37.847804,-121.982971,Canyon Vista Pl,"119 Canyon Vista Pl, Alamo, CA 94507-2732",,,,Home: (000) 000-0000 Cell: (000) 000-0000,
128,James P Nagle,,124 Canyon Vista Pl ,Alamo,CA,94507,2730,94507-2730,6/18/2021,Mr,James,P,Nagle,,37.847448,-121.982553,Canyon Vista Pl,"124 Canyon Vista Pl, Alamo, CA 94507-2730",,,,Home: (000) 000-0000 Cell: (000) 000-0000,
128,Perry T Teymourian,,129 Canyon Vista Pl ,Alamo,CA,94507,2732,94507-2732,6/18/2021,Mr,Perry,T,Teymourian,,37.848001,-121.982668,Canyon Vista Pl,"129 Canyon Vista Pl, Alamo, CA 94507-2732",,,,Home: (000) 000-0000 Cell: (000) 000-0000,
128,Denise A Caruso,,134 Canyon Vista Pl ,Alamo,CA,94507,2730,94507-2730,6/18/2021,Ms,Denise,A,Caruso,,37.847617,-121.982283,Canyon Vista Pl,"134 Canyon Vista Pl, Alamo, CA 94507-2730",,,,Home: (000) 000-0000 Cell: (000) 000-0000,
128,Dan Caldwell,,139 Canyon Vista Pl ,Alamo,CA,94507,2732,94507-2732,6/18/2021,Mr,Dan,,Caldwell,,37.848119,-121.982342,Canyon Vista Pl,"139 Canyon Vista Pl, Alamo, CA 94507-2732",,,,Home: (000) 000-0000 Cell: (000) 000-0000,
128,Diane M Copp,,144 Canyon Vista Pl ,Alamo,CA,94507,2730,94507-2730,6/18/2021,Ms,Diane,M,Copp,,37.847768,-121.982013,Canyon Vista Pl,"144 Canyon Vista Pl, Alamo, CA 94507-2730",,,,Home: (000) 000-0000 Cell: (000) 000-0000,
128,William H Warner,,149 Canyon Vista Pl ,Alamo,CA,94507,2732,94507-2732,6/18/2021,Mr,William,H,Warner,,37.848238,-121.982023,Canyon Vista Pl,"149 Canyon Vista Pl, Alamo, CA 94507-2732",,,,Home: (000) 000-0000 Cell: (000) 000-0000,
128,Jerel J Stokes,,154 Canyon Vista Pl ,Alamo,CA,94507,2730,94507-2730,6/18/2021,Mr,Jerel,J,Stokes,,37.847822,-121.981568,Canyon Vista Pl,"154 Canyon Vista Pl, Alamo, CA 94507-2730",,,,Home: (000) 000-0000 Cell: (000) 000-0000,
128,Christopher T Timbers,,159 Canyon Vista Pl ,Alamo,CA,94507,2732,94507-2732,6/18/2021,Mr,Christopher,T,Timbers,,37.848602,-121.981952,Canyon Vista Pl,"159 Canyon Vista Pl, Alamo, CA 94507-2732",,,,Home: (000) 000-0000 Cell: (000) 000-0000,
128,Tejbir S Khanna,,164 Canyon Vista Pl ,Alamo,CA,94507,2730,94507-2730,6/18/2021,Ms,Tejbir,S,Khanna,,37.847776,-121.981224,Canyon Vista Pl,"164 Canyon Vista Pl, Alamo, CA 94507-2730",,,,Home: (000) 000-0000 Cell: (000) 000-0000,
128,Stergios G Roubos,,169 Canyon Vista Pl ,Alamo,CA,94507,2732,94507-2732,6/18/2021,Mr,Stergios,G,Roubos,,37.848584,-121.981556,Canyon Vista Pl,"169 Canyon Vista Pl, Alamo, CA 94507-2732",,,,Home: (000) 000-0000 Cell: (000) 000-0000,
128,Kirk A Burroughs,,174 Canyon Vista Pl ,Alamo,CA,94507,2730,94507-2730,6/18/2021,Mr,Kirk,A,Burroughs,,37.847664,-121.980905,Canyon Vista Pl,"174 Canyon Vista Pl, Alamo, CA 94507-2730",,,,Home: (000) 000-0000 Cell: (000) 000-0000,
128,Lloyd M Fisher,,179 Canyon Vista Pl ,Alamo,CA,94507,2732,94507-2732,6/18/2021,Mr,Lloyd,M,Fisher,,37.848273,-121.981547,Canyon Vista Pl,"179 Canyon Vista Pl, Alamo, CA 94507-2732",,,,Home: (000) 000-0000 Cell: (000) 000-0000,
128,Jerold Z Kaplan,,184 Canyon Vista Pl ,Alamo,CA,94507,2730,94507-2730,6/18/2021,Mr,Jerold,Z,Kaplan,,37.84777,-121.980555,Canyon Vista Pl,"184 Canyon Vista Pl, Alamo, CA 94507-2730",,,,Home: (000) 000-0000 Cell: (000) 000-0000,
128,Ryan W Phillips,,189 Canyon Vista Pl ,Alamo,CA,94507,2732,94507-2732,6/18/2021,,Ryan,W,Phillips,,37.848271,-121.981111,Canyon Vista Pl,"189 Canyon Vista Pl, Alamo, CA 94507-2732",,,,Home: (000) 000-0000 Cell: (000) 000-0000,
128,James H Brandt,,199 Canyon Vista Pl ,Alamo,CA,94507,2732,94507-2732,6/18/2021,Mr,James,H,Brandt,,37.848655,-121.981001,Canyon Vista Pl,"199 Canyon Vista Pl, Alamo, CA 94507-2732",,,,Home: (000) 000-0000 Cell: (000) 000-0000,
128,Terrie C Gallagher,,219 Canyon Vista Pl ,Alamo,CA,94507,2731,94507-2731,6/18/2021,Mrs,Terrie,C,Gallagher,,37.848083,-121.980594,Canyon Vista Pl,"219 Canyon Vista Pl, Alamo, CA 94507-2731",,,,Home: (000) 000-0000 Cell: (000) 000-0000,
128,Brian A Fugere,,3000 Golden Meadow Dr ,Alamo,CA,94507,2705,94507-2705,6/18/2021,Mr,Brian,A,Fugere,,37.859641,-121.97961,Golden Meadow Dr,"3000 Golden Meadow Dr, Alamo, CA 94507-2705",,(925) 831-2826,,Home: (925) 831-2826 Cell: (000) 000-0000,
128,Kerry A Wells,,3001 Golden Meadow Dr ,Alamo,CA,94507,2717,94507-2717,6/18/2021,,Kerry,A,Wells,,37.859167,-121.979607,Golden Meadow Dr,"3001 Golden Meadow Dr, Alamo, CA 94507-2717",,,(415) 706-1020,Home: (000) 000-0000 Cell: (415) 706-1020,
128,William C Wyman,,3004 Golden Meadow Dr ,Alamo,CA,94507,2705,94507-2705,6/18/2021,Mr,William,C,Wyman,,37.85962,-121.980026,Golden Meadow Dr,"3004 Golden Meadow Dr, Alamo, CA 94507-2705",,,(925) 980-1809,Home: (000) 000-0000 Cell: (925) 980-1809,
128,Todd H Slingsby,,3005 Golden Meadow Dr ,Alamo,CA,94507,2717,94507-2717,6/18/2021,Mr,Todd,H,Slingsby,,37.859163,-121.979941,Golden Meadow Dr,"3005 Golden Meadow Dr, Alamo, CA 94507-2717",,,(925) 204-9759,Home: (000) 000-0000 Cell: (925) 204-9759,
128,Angelo T Travaglini,,3008 Golden Meadow Dr ,Alamo,CA,94507,2705,94507-2705,6/18/2021,Mr,Angelo,T,Travaglini,,37.859579,-121.980476,Golden Meadow Dr,"3008 Golden Meadow Dr, Alamo, CA 94507-2705",,(925) 838-0131,,Home: (925) 838-0131 Cell: (000) 000-0000,
128,Deborah A Steinbuch,,3009 Golden Meadow Dr ,Alamo,CA,94507,2717,94507-2717,6/18/2021,Mrs,Deborah,A,Steinbuch,,37.859133,-121.980349,Golden Meadow Dr,"3009 Golden Meadow Dr, Alamo, CA 94507-2717",,,(925) 683-0776,Home: (000) 000-0000 Cell: (925) 683-0776,
128,John G Kedzie,,3012 Golden Meadow Dr ,Alamo,CA,94507,2705,94507-2705,6/18/2021,Mr,John,G,Kedzie,,37.859559,-121.980886,Golden Meadow Dr,"3012 Golden Meadow Dr, Alamo, CA 94507-2705",,,,Home: (000) 000-0000 Cell: (000) 000-0000,
128,Andrew J Benn,,3013 Golden Meadow Dr ,Alamo,CA,94507,2717,94507-2717,6/18/2021,Mr,Andrew,J,Benn,,37.859115,-121.980856,Golden Meadow Dr,"3013 Golden Meadow Dr, Alamo, CA 94507-2717",,,,Home: (000) 000-0000 Cell: (000) 000-0000,
128,David A Hoyt,,55 Golden Meadow Ln ,Alamo,CA,94507,2712,94507-2712,6/18/2021,Mr,David,A,Hoyt,,37.8573,-121.982357,Golden Meadow Ln,"55 Golden Meadow Ln, Alamo, CA 94507-2712",,(925) 838-5459,,Home: (000) 000-0000 Cell: (000) 000-0000,
128,Janet L Dinsmore,,65 Golden Meadow Ln ,Alamo,CA,94507,2712,94507-2712,6/18/2021,Mrs,Janet,L,Dinsmore,,37.856477,-121.982771,Golden Meadow Ln,"65 Golden Meadow Ln, Alamo, CA 94507-2712",,(925) 890-9262,,Home: (000) 000-0000 Cell: (000) 000-0000,
128,Ingrid A Delmonte,,75 Golden Meadow Ln ,Alamo,CA,94507,2712,94507-2712,6/18/2021,Ms,Ingrid,A,Delmonte,,37.855746,-121.983039,Golden Meadow Ln,"75 Golden Meadow Ln, Alamo, CA 94507-2712",,,,Home: (000) 000-0000 Cell: (000) 000-0000,
128,Douglas E Tinker,,321 Golden Meadow Pl ,Alamo,CA,94507,2713,94507-2713,6/18/2021,Mr,Douglas,E,Tinker,,37.858892,-121.981614,Golden Meadow Pl,"321 Golden Meadow Pl, Alamo, CA 94507-2713",,(925) 820-2408,,Home: (925) 820-2408 Cell: (000) 000-0000,
128,Robert J Oxenburgh,,322 Golden Meadow Pl ,Alamo,CA,94507,2711,94507-2711,6/18/2021,Mr,Robert,J,Oxenburgh,,37.859316,-121.98209,Golden Meadow Pl,"322 Golden Meadow Pl, Alamo, CA 94507-2711",,(925) 820-6330,,Home: (000) 000-0000 Cell: (000) 000-0000,
128,Richard J Conti,,325 Golden Meadow Pl ,Alamo,CA,94507,2713,94507-2713,6/18/2021,Mr,Richard,J,Conti,,37.858753,-121.98217,Golden Meadow Pl,"325 Golden Meadow Pl, Alamo, CA 94507-2713",,(925) 837-9343,(925) 389-8910,Home: (925) 837-9343 Cell: (925) 389-8910,
128,William Oldenburg,,326 Golden Meadow Pl ,Alamo,CA,94507,2711,94507-2711,6/18/2021,Mr,William,,Oldenburg,,37.859141,-121.98263,Golden Meadow Pl,"326 Golden Meadow Pl, Alamo, CA 94507-2711",,(925) 820-4417,,Home: (000) 000-0000 Cell: (000) 000-0000,
128, ,,329 Golden Meadow Pl ,Alamo,CA,94507,2713,94507-2713,6/18/2021,,,,,,37.858558,-121.982573,Golden Meadow Pl,"329 Golden Meadow Pl, Alamo, CA 94507-2713",,,(925) 406-4446,Home: (000) 000-0000 Cell: (925) 406-4446,
128,Stephen S Ohanian,,330 Golden Meadow Pl ,Alamo,CA,94507,2711,94507-2711,6/18/2021,Mr,Stephen,S,Ohanian,,37.858849,-121.983012,Golden Meadow Pl,"330 Golden Meadow Pl, Alamo, CA 94507-2711",,,,Home: (000) 000-0000 Cell: (000) 000-0000,
128,Dennis A Welsch,,333 Golden Meadow Pl ,Alamo,CA,94507,2713,94507-2713,6/18/2021,Mr,Dennis,A,Welsch,,37.858321,-121.982952,Golden Meadow Pl,"333 Golden Meadow Pl, Alamo, CA 94507-2713",,(925) 837-2894,(925) 588-9919,Home: (925) 837-2894 Cell: (925) 588-9919,
128,James L Haden,,334 Golden Meadow Pl ,Alamo,CA,94507,2711,94507-2711,6/18/2021,Mr,James,L,Haden,,37.858601,-121.983435,Golden Meadow Pl,"334 Golden Meadow Pl, Alamo, CA 94507-2711",,(925) 838-7129,(925) 683-4541,Home: (925) 838-7129 Cell: (925) 683-4541,
128,Anthony L Larussa,,338 Golden Meadow Pl ,Alamo,CA,94507,2711,94507-2711,6/18/2021,Mr,Anthony,L,Larussa,,37.858159,-121.983627,Golden Meadow Pl,"338 Golden Meadow Pl, Alamo, CA 94507-2711",,,,Home: (000) 000-0000 Cell: (000) 000-0000,
128,Anthony W Quinn,,1801 Green Valley Rd ,Alamo,CA,94507,2722,94507-2722,6/18/2021,Mr,Anthony,W,Quinn,,37.845913,-121.979152,Green Valley Rd,"1801 Green Valley Rd, Alamo, CA 94507-2722",,(925) 933-1773,(925) 451-7743,Home: (000) 000-0000 Cell: (000) 000-0000,
128,Hunter H Gallaway,,1877 Green Valley Rd ,Alamo,CA,94507,2722,94507-2722,6/18/2021,,Hunter,H,Gallaway,,37.847385,-121.978607,Green Valley Rd,"1877 Green Valley Rd, Alamo, CA 94507-2722",,,,Home: (000) 000-0000 Cell: (000) 000-0000,
128,Jesse M Guzman,,1881 Green Valley Rd ,Alamo,CA,94507,2722,94507-2722,6/18/2021,Mr,Jesse,M,Guzman,,37.847929,-121.978435,Green Valley Rd,"1881 Green Valley Rd, Alamo, CA 94507-2722",,(925) 954-7014,,Home: (000) 000-0000 Cell: (000) 000-0000,
128,Robert L Guider,,1885 Green Valley Rd ,Alamo,CA,94507,2722,94507-2722,6/18/2021,Mr,Robert,L,Guider,,37.848926,-121.978519,Green Valley Rd,"1885 Green Valley Rd, Alamo, CA 94507-2722",,(925) 837-5700,,Home: (000) 000-0000 Cell: (000) 000-0000,
128,Rachel Flores,,1921 Green Valley Rd ,Alamo,CA,94507,2721,94507-2721,6/18/2021,Ms,Rachel,,Flores,,37.849709,-121.97837,Green Valley Rd,"1921 Green Valley Rd, Alamo, CA 94507-2721",,,,Home: (000) 000-0000 Cell: (000) 000-0000,
128,Walter S Krane,,1923 Green Valley Rd ,Alamo,CA,94507,2721,94507-2721,6/18/2021,Mr,Walter,S,Krane,,37.850613,-121.977819,Green Valley Rd,"1923 Green Valley Rd, Alamo, CA 94507-2721",,(925) 552-9799,,Home: (000) 000-0000 Cell: (000) 000-0000,
128,Anita C Ma,,1935 Green Valley Rd ,Alamo,CA,94507,2719,94507-2719,6/18/2021,Ms,Anita,C,Ma,,37.851896,-121.978433,Green Valley Rd,"1935 Green Valley Rd, Alamo, CA 94507-2719",,(925) 876-0878,(209) 351-6402,Home: (000) 000-0000 Cell: (000) 000-0000,
128,Denise E Pinhey,,1951 Green Valley Rd ,Alamo,CA,94507,2719,94507-2719,6/18/2021,Ms,Denise,E,Pinhey,,37.852646,-121.979176,Green Valley Rd,"1951 Green Valley Rd, Alamo, CA 94507-2719",,(925) 831-2830 ,,Home: (000) 000-0000 Cell: (000) 000-0000,
128,Yuen-Chuan Yang,,1965 Green Valley Rd ,Alamo,CA,94507,2719,94507-2719,6/18/2021,Mr,Yuen-Chuan,,Yang,,37.853137,-121.979949,Green Valley Rd,"1965 Green Valley Rd, Alamo, CA 94507-2719",,(925) 838-9698,,Home: (000) 000-0000 Cell: (000) 000-0000,
128,Mozghan Zamani,,1979 Green Valley Rd ,Alamo,CA,94507,2719,94507-2719,6/18/2021,Ms,Mozghan,,Zamani,,37.854048,-121.980008,Green Valley Rd,"1979 Green Valley Rd, Alamo, CA 94507-2719",,(925) 964-0711,,Home: (000) 000-0000 Cell: (000) 000-0000,
128,Robert L Telles,,1993 Green Valley Rd ,Alamo,CA,94507,2719,94507-2719,6/18/2021,Mr,Robert,L,Telles,Jr,37.854552,-121.980747,Green Valley Rd,"1993 Green Valley Rd, Alamo, CA 94507-2719",,(925) 937-0660,,Home: (000) 000-0000 Cell: (000) 000-0000,
128,Steven A Weisenberg,,2007 Green Valley Rd ,Alamo,CA,94507,2718,94507-2718,6/18/2021,Mr,Steven,A,Weisenberg,,37.855176,-121.980521,Green Valley Rd,"2007 Green Valley Rd, Alamo, CA 94507-2718",,(925) 314-1783,,Home: (000) 000-0000 Cell: (000) 000-0000,
128,Cynthia C Johnson,,2021 Green Valley Rd ,Alamo,CA,94507,2718,94507-2718,6/18/2021,Mrs,Cynthia,C,Johnson,,37.855888,-121.981245,Green Valley Rd,"2021 Green Valley Rd, Alamo, CA 94507-2718",,,,Home: (000) 000-0000 Cell: (000) 000-0000,
128,Craig M Felix,,2035 Green Valley Rd ,Alamo,CA,94507,2718,94507-2718,6/18/2021,Mr,Craig,M,Felix,,37.856836,-121.980387,Green Valley Rd,"2035 Green Valley Rd, Alamo, CA 94507-2718",,,(415) 760-9693,Home: (000) 000-0000 Cell: (000) 000-0000,
128,Brian Palardy,,254 Imrie Pl ,Alamo,CA,94507,2707,94507-2707,6/18/2021,Mr,Brian,,Palardy,,37.860568,-121.981068,Imrie Pl,"254 Imrie Pl, Alamo, CA 94507-2707",,(925) 820-2032,,Home: (925) 820-2032 Cell: (000) 000-0000,
128,Richard A Pomaville,,255 Imrie Pl ,Alamo,CA,94507,2707,94507-2707,6/18/2021,Mr,Richard,A,Pomaville,,37.860069,-121.980832,Imrie Pl,"255 Imrie Pl, Alamo, CA 94507-2707",,,(586) 484-8067,Home: (000) 000-0000 Cell: (586) 484-8067,
128,Jack W Hughes,,259 Imrie Pl ,Alamo,CA,94507,2707,94507-2707,6/18/2021,Mr,Jack,W,Hughes,,37.86012,-121.980465,Imrie Pl,"259 Imrie Pl, Alamo, CA 94507-2707",,(925) 906-9223,,Home: (925) 906-9223 Cell: (000) 000-0000,
128,Kathleen Toner,,262 Imrie Pl ,Alamo,CA,94507,2707,94507-2707,6/18/2021,Ms,Kathleen,,Toner,,37.860615,-121.980051,Imrie Pl,"262 Imrie Pl, Alamo, CA 94507-2707",,(925) 837-6541,,Home: (925) 837-6541 Cell: (000) 000-0000,
128,Judith L Shackelford,,263 Imrie Pl ,Alamo,CA,94507,2707,94507-2707,6/18/2021,Mrs,Judith,L,Shackelford,,37.860156,-121.980078,Imrie Pl,"263 Imrie Pl, Alamo, CA 94507-2707",,(925) 820-8149,,Home: (925) 820-8149 Cell: (000) 000-0000,
128,Matthew J Liautaud,,266 Imrie Pl ,Alamo,CA,94507,2707,94507-2707,6/18/2021,Mr,Matthew,J,Liautaud,,37.860627,-121.979665,Imrie Pl,"266 Imrie Pl, Alamo, CA 94507-2707",,(925) 820-7768,,Home: (925) 820-7768 Cell: (000) 000-0000,
128,John A Lee,,267 Imrie Pl ,Alamo,CA,94507,2707,94507-2707,6/18/2021,Mr,John,A,Lee,,37.860141,-121.979696,Imrie Pl,"267 Imrie Pl, Alamo, CA 94507-2707",,(925) 838-6397,,Home: (925) 838-6397 Cell: (000) 000-0000,
128,Michael J Doherty,,50 Lupin Pl ,Alamo,CA,94507,2716,94507-2716,6/18/2021,Mr,Michael,J,Doherty,,37.858659,-121.980289,Lupin Pl,"50 Lupin Pl, Alamo, CA 94507-2716",,,,Home: (000) 000-0000 Cell: (000) 000-0000,
128,Demetrius A Sultanis,,53 Lupin Pl ,Alamo,CA,94507,2716,94507-2716,6/18/2021,,Demetrius,A,Sultanis,,37.858228,-121.979961,Lupin Pl,"53 Lupin Pl, Alamo, CA 94507-2716",,(925) 820-7876,(925) 963-0810,Home: (925) 820-7876 Cell: (925) 963-0810,
128,Donald V Schroeder,,60 Lupin Pl ,Alamo,CA,94507,2716,94507-2716,6/18/2021,Mr,Donald,V,Schroeder,,37.85869,-121.979855,Lupin Pl,"60 Lupin Pl, Alamo, CA 94507-2716",,(925) 837-6005,,Home: (925) 837-6005 Cell: (000) 000-0000,
128,Scott S Salzman,,63 Lupin Pl ,Alamo,CA,94507,2716,94507-2716,6/18/2021,Mr,Scott,S,Salzman,,37.858167,-121.979498,Lupin Pl,"63 Lupin Pl, Alamo, CA 94507-2716",,(925) 743-1236,,Home: (925) 743-1236 Cell: (000) 000-0000,
128,Michael E Vomund,,70 Lupin Pl ,Alamo,CA,94507,2716,94507-2716,6/18/2021,Mr,Michael,E,Vomund,,37.858692,-121.979493,Lupin Pl,"70 Lupin Pl, Alamo, CA 94507-2716",,(925) 552-7879,,Home: (925) 552-7879 Cell: (000) 000-0000,
128,Frank J Debiasi,,1815 Monte Sereno Dr ,Alamo,CA,94507,2734,94507-2734,6/18/2021,Mr,Frank,J,Debiasi,Sr,37.845059,-121.982632,Monte Sereno Dr,"1815 Monte Sereno Dr, Alamo, CA 94507-2734",,,,Home: (000) 000-0000 Cell: (000) 000-0000,
128,Hiroomi Nagashima,,1825 Monte Sereno Dr ,Alamo,CA,94507,2734,94507-2734,6/18/2021,,Hiroomi,,Nagashima,,37.845326,-121.982691,Monte Sereno Dr,"1825 Monte Sereno Dr, Alamo, CA 94507-2734",,,,Home: (000) 000-0000 Cell: (000) 000-0000,
128,John P Foster,,1830 Monte Sereno Dr ,Alamo,CA,94507,2727,94507-2727,6/18/2021,Mr,John,P,Foster,,37.84577,-121.982169,Monte Sereno Dr,"1830 Monte Sereno Dr, Alamo, CA 94507-2727",,,,Home: (000) 000-0000 Cell: (000) 000-0000,
128,Wendy A Wilson,,1840 Monte Sereno Dr ,Alamo,CA,94507,2727,94507-2727,6/18/2021,Mrs,Wendy,A,Wilson,,37.846011,-121.982252,Monte Sereno Dr,"1840 Monte Sereno Dr, Alamo, CA 94507-2727",,,,Home: (000) 000-0000 Cell: (000) 000-0000,
128,Kent L Johansson,,1845 Monte Sereno Dr ,Alamo,CA,94507,2734,94507-2734,6/18/2021,Mr,Kent,L,Johansson,,37.845876,-121.982774,Monte Sereno Dr,"1845 Monte Sereno Dr, Alamo, CA 94507-2734",,,,Home: (000) 000-0000 Cell: (000) 000-0000,
128, ,,1850 Monte Sereno Dr ,Alamo,CA,94507,2727,94507-2727,6/18/2021,,,,,,37.846298,-121.982223,Monte Sereno Dr,"1850 Monte Sereno Dr, Alamo, CA 94507-2727",,,,Home: (000) 000-0000 Cell: (000) 000-0000,
128,John K Coleman,,1855 Monte Sereno Dr ,Alamo,CA,94507,2734,94507-2734,6/18/2021,Mr,John,K,Coleman,,37.846143,-121.982857,Monte Sereno Dr,"1855 Monte Sereno Dr, Alamo, CA 94507-2734",,,,Home: (000) 000-0000 Cell: (000) 000-0000,
128,Lawrence B Levit,,1865 Monte Sereno Dr ,Alamo,CA,94507,2734,94507-2734,6/18/2021,Mr,Lawrence,B,Levit,,37.846453,-121.982919,Monte Sereno Dr,"1865 Monte Sereno Dr, Alamo, CA 94507-2734",,,,Home: (000) 000-0000 Cell: (000) 000-0000,
128,Steven J Creel,,1870 Monte Sereno Dr ,Alamo,CA,94507,2729,94507-2729,6/18/2021,Mr,Steven,J,Creel,,37.84676,-121.982391,Monte Sereno Dr,"1870 Monte Sereno Dr, Alamo, CA 94507-2729",,,,Home: (000) 000-0000 Cell: (000) 000-0000,
128,Scott R Landin,,1875 Monte Sereno Dr ,Alamo,CA,94507,2734,94507-2734,6/18/2021,Mr,Scott,R,Landin,,37.846725,-121.983095,Monte Sereno Dr,"1875 Monte Sereno Dr, Alamo, CA 94507-2734",,,,Home: (000) 000-0000 Cell: (000) 000-0000,
128,Larry M Feldman,,1880 Monte Sereno Dr ,Alamo,CA,94507,2729,94507-2729,6/18/2021,Mr,Larry,M,Feldman,,37.846974,-121.982595,Monte Sereno Dr,"1880 Monte Sereno Dr, Alamo, CA 94507-2729",,,,Home: (000) 000-0000 Cell: (000) 000-0000,
128,Penche Ho,,1885 Monte Sereno Dr ,Alamo,CA,94507,2734,94507-2734,6/18/2021,,Penche,,Ho,,37.846987,-121.98329,Monte Sereno Dr,"1885 Monte Sereno Dr, Alamo, CA 94507-2734",,,,Home: (000) 000-0000 Cell: (000) 000-0000,
128,James R Fleming,,1895 Monte Sereno Dr ,Alamo,CA,94507,2734,94507-2734,6/18/2021,Mr,James,R,Fleming,,37.847204,-121.983484,Monte Sereno Dr,"1895 Monte Sereno Dr, Alamo, CA 94507-2734",,,,Home: (000) 000-0000 Cell: (000) 000-0000,
128,Jessica F Degregoire,,1905 Monte Sereno Dr ,Alamo,CA,94507,2733,94507-2733,6/18/2021,Ms,Jessica,F,Degregoire,,37.847409,-121.983669,Monte Sereno Dr,"1905 Monte Sereno Dr, Alamo, CA 94507-2733",,,,Home: (000) 000-0000 Cell: (000) 000-0000,
128,Christina Fesler-Kotton,,117 Monte Sereno Pl ,Alamo,CA,94507,2728,94507-2728,6/18/2021,Ms,Christina,,Fesler-Kotton,,37.847023,-121.982089,Monte Sereno Pl,"117 Monte Sereno Pl, Alamo, CA 94507-2728",,,,Home: (000) 000-0000 Cell: (000) 000-0000,
128,John T Rowe,,122 Monte Sereno Pl ,Alamo,CA,94507,2728,94507-2728,6/18/2021,Mr,John,T,Rowe,,37.84647,-121.981864,Monte Sereno Pl,"122 Monte Sereno Pl, Alamo, CA 94507-2728",,,,Home: (000) 000-0000 Cell: (000) 000-0000,
128,Michelle C Darcey,,127 Monte Sereno Pl ,Alamo,CA,94507,2728,94507-2728,6/18/2021,Ms,Michelle,C,Darcey,,37.847321,-121.981895,Monte Sereno Pl,"127 Monte Sereno Pl, Alamo, CA 94507-2728",,,,Home: (000) 000-0000 Cell: (000) 000-0000,
128, ,,132 Monte Sereno Pl ,Alamo,CA,94507,2728,94507-2728,6/18/2021,,,,,,37.846685,-121.981598,Monte Sereno Pl,"132 Monte Sereno Pl, Alamo, CA 94507-2728",,,,Home: (000) 000-0000 Cell: (000) 000-0000,
128,Eric B Kushnick,,137 Monte Sereno Pl ,Alamo,CA,94507,2728,94507-2728,6/18/2021,Mr,Eric,B,Kushnick,,37.847397,-121.981531,Monte Sereno Pl,"137 Monte Sereno Pl, Alamo, CA 94507-2728",,,,Home: (000) 000-0000 Cell: (000) 000-0000,
128,Gordon A Berke,,142 Monte Sereno Pl ,Alamo,CA,94507,2728,94507-2728,6/18/2021,Mr,Gordon,A,Berke,,37.846896,-121.981389,Monte Sereno Pl,"142 Monte Sereno Pl, Alamo, CA 94507-2728",,,,Home: (000) 000-0000 Cell: (000) 000-0000,
128,Flo Dupuy,,152 Monte Sereno Pl ,Alamo,CA,94507,2728,94507-2728,6/18/2021,Ms,Flo,,Dupuy,,37.847175,-121.981232,Monte Sereno Pl,"152 Monte Sereno Pl, Alamo, CA 94507-2728",,,,Home: (000) 000-0000 Cell: (000) 000-0000,
128, ,,166 Mountain Canyon Ln ,Alamo,CA,94507,2725,94507-2725,6/18/2021,,,,,,37.846313,-121.979583,Mountain Canyon Ln,"166 Mountain Canyon Ln, Alamo, CA 94507-2725",,,,Home: (000) 000-0000 Cell: (000) 000-0000,
128,Siamak E Elyasi,,172 Mountain Canyon Ln ,Alamo,CA,94507,2725,94507-2725,6/18/2021,Mr,Siamak,E,Elyasi,,37.847228,-121.979584,Mountain Canyon Ln,"172 Mountain Canyon Ln, Alamo, CA 94507-2725",,,,Home: (000) 000-0000 Cell: (000) 000-0000,
128,Alan P Smith,,174 Mountain Canyon Ln ,Alamo,CA,94507,2725,94507-2725,6/18/2021,Mr,Alan,P,Smith,,37.847683,-121.979489,Mountain Canyon Ln,"174 Mountain Canyon Ln, Alamo, CA 94507-2725",,,,Home: (000) 000-0000 Cell: (000) 000-0000,
128,Kathleen A Mitchell,,176 Mountain Canyon Ln ,Alamo,CA,94507,2725,94507-2725,6/18/2021,Ms,Kathleen,A,Mitchell,,37.848203,-121.979493,Mountain Canyon Ln,"176 Mountain Canyon Ln, Alamo, CA 94507-2725",,,,Home: (000) 000-0000 Cell: (000) 000-0000,
128,Wan K Loh,,110 Mountain Canyon Pl ,Alamo,CA,94507,2724,94507-2724,6/18/2021,Ms,Wan,K,Loh,,37.845291,-121.982111,Mountain Canyon Pl,"110 Mountain Canyon Pl, Alamo, CA 94507-2724",,,,Home: (000) 000-0000 Cell: (000) 000-0000,
128,Liliette Ruiz,,115 Mountain Canyon Pl ,Alamo,CA,94507,2726,94507-2726,6/18/2021,Ms,Liliette,,Ruiz,,37.845822,-121.981748,Mountain Canyon Pl,"115 Mountain Canyon Pl, Alamo, CA 94507-2726",,,,Home: (000) 000-0000 Cell: (000) 000-0000,
128,Gary F Fields,,120 Mountain Canyon Pl ,Alamo,CA,94507,2724,94507-2724,6/18/2021,Mr,Gary,F,Fields,Jr,37.845354,-121.981811,Mountain Canyon Pl,"120 Mountain Canyon Pl, Alamo, CA 94507-2724",,,,Home: (000) 000-0000 Cell: (000) 000-0000,
128,John J Lewis,,125 Mountain Canyon Pl ,Alamo,CA,94507,2726,94507-2726,6/18/2021,Mr,John,J,Lewis,,37.845897,-121.981421,Mountain Canyon Pl,"125 Mountain Canyon Pl, Alamo, CA 94507-2726",,,,Home: (000) 000-0000 Cell: (000) 000-0000,
128, ,,130 Mountain Canyon Pl ,Alamo,CA,94507,2724,94507-2724,6/18/2021,,,,,,37.845402,-121.981478,Mountain Canyon Pl,"130 Mountain Canyon Pl, Alamo, CA 94507-2724",,,,Home: (000) 000-0000 Cell: (000) 000-0000,
128,Pooja G Arora,,135 Mountain Canyon Pl ,Alamo,CA,94507,2726,94507-2726,6/18/2021,Ms,Pooja,G,Arora,,37.846116,-121.981077,Mountain Canyon Pl,"135 Mountain Canyon Pl, Alamo, CA 94507-2726",,,,Home: (000) 000-0000 Cell: (000) 000-0000,
128,Gary F Chun,,140 Mountain Canyon Pl ,Alamo,CA,94507,2724,94507-2724,6/18/2021,Mr,Gary,F,Chun,,37.845509,-121.981111,Mountain Canyon Pl,"140 Mountain Canyon Pl, Alamo, CA 94507-2724",,,,Home: (000) 000-0000 Cell: (000) 000-0000,
128,Albert S Li,,145 Mountain Canyon Pl ,Alamo,CA,94507,2726,94507-2726,6/18/2021,Mr,Albert,S,Li,,37.846431,-121.980957,Mountain Canyon Pl,"145 Mountain Canyon Pl, Alamo, CA 94507-2726",,,,Home: (000) 000-0000 Cell: (000) 000-0000,
128,Andre B Jolie,,150 Mountain Canyon Pl ,Alamo,CA,94507,2724,94507-2724,6/18/2021,Mr,Andre,B,Jolie,,37.845561,-121.980648,Mountain Canyon Pl,"150 Mountain Canyon Pl, Alamo, CA 94507-2724",,,,Home: (000) 000-0000 Cell: (000) 000-0000,
128,Lori R Lynch,,155 Mountain Canyon Pl ,Alamo,CA,94507,2726,94507-2726,6/18/2021,Ms,Lori,R,Lynch,,37.846672,-121.980737,Mountain Canyon Pl,"155 Mountain Canyon Pl, Alamo, CA 94507-2726",,,,Home: (000) 000-0000 Cell: (000) 000-0000,
128,Eric R Hanson,,160 Mountain Canyon Pl ,Alamo,CA,94507,2724,94507-2724,6/18/2021,Mr,Eric,R,Hanson,,37.845835,-121.980447,Mountain Canyon Pl,"160 Mountain Canyon Pl, Alamo, CA 94507-2724",,,,Home: (000) 000-0000 Cell: (000) 000-0000,
128,Celia V Kerr,,165 Mountain Canyon Pl ,Alamo,CA,94507,2726,94507-2726,6/18/2021,Ms,Celia,V,Kerr,,37.847086,-121.980583,Mountain Canyon Pl,"165 Mountain Canyon Pl, Alamo, CA 94507-2726",,,,Home: (000) 000-0000 Cell: (000) 000-0000,
128,Bijan Sartipi,,170 Mountain Canyon Pl ,Alamo,CA,94507,2784,94507-2784,6/18/2021,Mr,Bijan,,Sartipi,,37.846233,-121.980212,Mountain Canyon Pl,"170 Mountain Canyon Pl, Alamo, CA 94507-2784",,,,Home: (000) 000-0000 Cell: (000) 000-0000,
128,Richard J Nugent,,180 Mountain Canyon Pl ,Alamo,CA,94507,2784,94507-2784,6/18/2021,Mr,Richard,J,Nugent,,37.846608,-121.980239,Mountain Canyon Pl,"180 Mountain Canyon Pl, Alamo, CA 94507-2784",,,,Home: (000) 000-0000 Cell: (000) 000-0000,
128,Corlee R Nicholson,,190 Mountain Canyon Pl ,Alamo,CA,94507,2784,94507-2784,6/18/2021,,Corlee,R,Nicholson,,37.847134,-121.980073,Mountain Canyon Pl,"190 Mountain Canyon Pl, Alamo, CA 94507-2784",,,,Home: (000) 000-0000 Cell: (000) 000-0000,
128,Steve D Reppas,,20 Oak Glen Ct ,Alamo,CA,94507,2720,94507-2720,6/18/2021,Mr,Steve,D,Reppas,,37.851236,-121.978066,Oak Glen Ct,"20 Oak Glen Ct, Alamo, CA 94507-2720",,,,Home: (000) 000-0000 Cell: (000) 000-0000,
128,Jennifer B Silver,,40 Oak Glen Ct ,Alamo,CA,94507,2720,94507-2720,6/18/2021,Ms,Jennifer,B,Silver,,37.851406,-121.978585,Oak Glen Ct,"40 Oak Glen Ct, Alamo, CA 94507-2720",,,,Home: (000) 000-0000 Cell: (000) 000-0000,
128,Namphuong P Tran,,60 Oak Glen Ct ,Alamo,CA,94507,2720,94507-2720,6/18/2021,Ms,Namphuong,P,Tran,,37.851878,-121.980292,Oak Glen Ct,"60 Oak Glen Ct, Alamo, CA 94507-2720",,,,Home: (000) 000-0000 Cell: (000) 000-0000,
128,Mark A Rajeski,,70 Oak Glen Ct ,Alamo,CA,94507,2720,94507-2720,6/18/2021,Mr,Mark,A,Rajeski,,37.850191,-121.980869,Oak Glen Ct,"70 Oak Glen Ct, Alamo, CA 94507-2720",,,,Home: (000) 000-0000 Cell: (000) 000-0000,
128,Derry E Cook,,80 Oak Glen Ct ,Alamo,CA,94507,2720,94507-2720,6/18/2021,Mr,Derry,E,Cook,,37.849408,-121.981208,Oak Glen Ct,"80 Oak Glen Ct, Alamo, CA 94507-2720",,,,Home: (000) 000-0000 Cell: (000) 000-0000,
128,Elizabeth Anderson,,85 Oak Glen Ct ,Alamo,CA,94507,2720,94507-2720,6/18/2021,Mrs,Elizabeth,,Anderson,,37.8502,-121.979626,Oak Glen Ct,"85 Oak Glen Ct, Alamo, CA 94507-2720",,,,Home: (000) 000-0000 Cell: (000) 000-0000,
128,Peter H Schnugg,,400 Red Wing Dr ,Alamo,CA,94507,2714,94507-2714,6/18/2021,Mr,Peter,H,Schnugg,,37.857282,-121.980351,Red Wing Dr,"400 Red Wing Dr, Alamo, CA 94507-2714",,,,Home: (000) 000-0000 Cell: (000) 000-0000,
128,Gary C Cappelletti,,401 Red Wing Dr ,Alamo,CA,94507,2715,94507-2715,6/18/2021,Mr,Gary,C,Cappelletti,,37.857488,-121.979841,Red Wing Dr,"401 Red Wing Dr, Alamo, CA 94507-2715",,(925) 820-2350,(925) 766-1716,Home: (925) 820-2350 Cell: (925) 766-1716,
128,Curtis A Hoofnagle,,406 Red Wing Dr ,Alamo,CA,94507,2714,94507-2714,6/18/2021,Mr,Curtis,A,Hoofnagle,,37.857689,-121.980421,Red Wing Dr,"406 Red Wing Dr, Alamo, CA 94507-2714",,(925) 362-4084,,Home: (925) 362-4084 Cell: (000) 000-0000,
128,David A Smith,,407 Red Wing Dr ,Alamo,CA,94507,2715,94507-2715,6/18/2021,Mr,David,A,Smith,,37.857807,-121.979642,Red Wing Dr,"407 Red Wing Dr, Alamo, CA 94507-2715",,,,Home: (000) 000-0000 Cell: (000) 000-0000,Do Not Call
128,Daniel N Anstey,,412 Red Wing Dr ,Alamo,CA,94507,2714,94507-2714,6/18/2021,Mr,Daniel,N,Anstey,,37.858015,-121.980564,Red Wing Dr,"412 Red Wing Dr, Alamo, CA 94507-2714",,,(510) 655-1273,Home: (000) 000-0000 Cell: (510) 655-1273,
128,Manuel A Defreitas,,418 Red Wing Dr ,Alamo,CA,94507,2714,94507-2714,6/18/2021,Mr,Manuel,A,Defreitas,,37.858564,-121.980904,Red Wing Dr,"418 Red Wing Dr, Alamo, CA 94507-2714",,,,Home: (000) 000-0000 Cell: (000) 000-0000,
128,Gregory M Silva,,431 Red Wing Dr ,Alamo,CA,94507,2706,94507-2706,6/18/2021,Mr,Gregory,M,Silva,,37.859505,-121.981278,Red Wing Dr,"431 Red Wing Dr, Alamo, CA 94507-2706",,,,Home: (000) 000-0000 Cell: (000) 000-0000,
128,Jenny J Oh,,436 Red Wing Dr ,Alamo,CA,94507,2710,94507-2710,6/18/2021,Ms,Jenny,J,Oh,,37.859821,-121.981891,Red Wing Dr,"436 Red Wing Dr, Alamo, CA 94507-2710",,,(917) 601-1211,Home: (000) 000-0000 Cell: (917) 601-1211,
128,Christopher J Smith,,437 Red Wing Dr ,Alamo,CA,94507,2706,94507-2706,6/18/2021,Mr,Christopher,J,Smith,,37.860007,-121.981288,Red Wing Dr,"437 Red Wing Dr, Alamo, CA 94507-2706",,(925) 855-9217,,Home: (925) 855-9217 Cell: (000) 000-0000,
128,Bonnie L Kohleriter,,442 Red Wing Dr ,Alamo,CA,94507,2710,94507-2710,6/18/2021,Ms,Bonnie,L,Kohleriter,,37.860272,-121.981732,Red Wing Dr,"442 Red Wing Dr, Alamo, CA 94507-2710",,(925) 743-0773,(925) 523-1242,Home: (925) 743-0773 Cell: (925) 523-1242,
128,Robert L Weissman,,448 Red Wing Dr ,Alamo,CA,94507,2710,94507-2710,6/18/2021,Mr,Robert,L,Weissman,,37.860665,-121.981644,Red Wing Dr,"448 Red Wing Dr, Alamo, CA 94507-2710",,,,Home: (000) 000-0000 Cell: (000) 000-0000,
128,Roger L Howsmon,,454 Red Wing Dr ,Alamo,CA,94507,2710,94507-2710,6/18/2021,Mr,Roger,L,Howsmon,,37.861071,-121.981755,Red Wing Dr,"454 Red Wing Dr, Alamo, CA 94507-2710",,(925) 820-8236,(925) 413-9963,Home: (925) 820-8236 Cell: (925) 413-9963,
128,John E Donatoni,,460 Red Wing Dr ,Alamo,CA,94507,2710,94507-2710,6/18/2021,Mr,John,E,Donatoni,,37.861305,-121.982598,Red Wing Dr,"460 Red Wing Dr, Alamo, CA 94507-2710",,(925) 838-0073,,Home: (925) 838-0073 Cell: (000) 000-0000,
128,Edward M Schumann,,465 Red Wing Dr ,Alamo,CA,94507,2709,94507-2709,6/18/2021,Mr,Edward,M,Schumann,,37.861819,-121.981565,Red Wing Dr,"465 Red Wing Dr, Alamo, CA 94507-2709",,(925) 743-9851,,Home: (925) 743-9851 Cell: (000) 000-0000,
128,David L Beatty,,466 Red Wing Dr ,Alamo,CA,94507,2710,94507-2710,6/18/2021,Mr,David,L,Beatty,,37.861792,-121.98269,Red Wing Dr,"466 Red Wing Dr, Alamo, CA 94507-2710",,(925) 837-8940,,Home: (925) 837-8940 Cell: (000) 000-0000,
128,Daguang D Zhu,,3150 Stone Valley Rd ,Alamo,CA,94507,2723,94507-2723,6/18/2021,Ms,Daguang,D,Zhu,,37.84551,-121.979582,Stone Valley Rd,"3150 Stone Valley Rd, Alamo, CA 94507-2723",,,,Home: (000) 000-0000 Cell: (000) 000-0000,
128,Martin A Pletkin,,200 Viking Pl ,Alamo,CA,94507,2708,94507-2708,6/18/2021,Mr,Martin,A,Pletkin,,37.861519,-121.981302,Viking Pl,"200 Viking Pl, Alamo, CA 94507-2708",,,,Home: (000) 000-0000 Cell: (000) 000-0000,
128,Laurel M Goldman,,201 Viking Pl ,Alamo,CA,94507,2708,94507-2708,6/18/2021,Ms,Laurel,M,Goldman,,37.861055,-121.981091,Viking Pl,"201 Viking Pl, Alamo, CA 94507-2708",,(925) 838-8190,,Home: (925) 838-8190 Cell: (000) 000-0000,
128,Philip K Sinz,,204 Viking Pl ,Alamo,CA,94507,2708,94507-2708,6/18/2021,Mr,Philip,K,Sinz,,37.861578,-121.980822,Viking Pl,"204 Viking Pl, Alamo, CA 94507-2708",,,(925) 548-3430,Home: (000) 000-0000 Cell: (925) 548-3430,
128,Michael L Derezin,,205 Viking Pl ,Alamo,CA,94507,2708,94507-2708,6/18/2021,Mr,Michael,L,Derezin,,37.861089,-121.980618,Viking Pl,"205 Viking Pl, Alamo, CA 94507-2708",,,,Home: (000) 000-0000 Cell: (000) 000-0000,
128,Ronald J Saca,,208 Viking Pl ,Alamo,CA,94507,2708,94507-2708,6/18/2021,Mr,Ronald,J,Saca,,37.861539,-121.980431,Viking Pl,"208 Viking Pl, Alamo, CA 94507-2708",,(925) 820-8785,,Home: (925) 820-8785 Cell: (000) 000-0000,
128,Earle H Schremp,,209 Viking Pl ,Alamo,CA,94507,2708,94507-2708,6/18/2021,Mr,Earle,H,Schremp,,37.86113,-121.980148,Viking Pl,"209 Viking Pl, Alamo, CA 94507-2708",,,,Home: (000) 000-0000 Cell: (000) 000-0000,
128,Kim Graciolett,,212 Viking Pl ,Alamo,CA,94507,2708,94507-2708,6/18/2021,Ms,Kim,,Graciolett,,37.861654,-121.979973,Viking Pl,"212 Viking Pl, Alamo, CA 94507-2708",,,,Home: (000) 000-0000 Cell: (000) 000-0000,
128,Thomas P Anderson,,215 Viking Pl ,Alamo,CA,94507,2708,94507-2708,6/18/2021,Mr,Thomas,P,Anderson,,37.861208,-121.979733,Viking Pl,"215 Viking Pl, Alamo, CA 94507-2708",,(925) 362-3014,,Home: (925) 362-3014 Cell: (000) 000-0000,
128,Peters B Suh,,216 Viking Pl ,Alamo,CA,94507,2708,94507-2708,6/18/2021,Mr,Peters,B,Suh,,37.861779,-121.979639,Viking Pl,"216 Viking Pl, Alamo, CA 94507-2708",,(925) 838-0212,,Home: (925) 838-0212 Cell: (000) 000-0000,
128,Ryan L Crangle,,500 Wild Flower Pl ,Alamo,CA,94507,2704,94507-2704,6/18/2021,,Ryan,L,Crangle,,37.86191,-121.978779,Wild Flower Pl ,"500 Wild Flower Pl, Alamo, CA 94507-2704",,(925) 819-2376,,Home: (000) 000-0000 Cell: (000) 000-0000,
128,Laura K Larson,,501 Wild Flower Pl ,Alamo,CA,94507,2704,94507-2704,6/18/2021,Ms,Laura,K,Larson,,37.861429,-121.978852,Wild Flower Pl ,"501 Wild Flower Pl, Alamo, CA 94507-2704",,(925) 743-3749,,Home: (000) 000-0000 Cell: (000) 000-0000,
128, ,,505 Wild Flower Pl ,Alamo,CA,94507,2704,94507-2704,6/18/2021,,,,,,37.860955,-121.97883,Wild Flower Pl ,"505 Wild Flower Pl, Alamo, CA 94507-2704",,(925) 362-1376,,Home: (000) 000-0000 Cell: (000) 000-0000,
128,Bradford H Lowe,,508 Wild Flower Pl ,Alamo,CA,94507,2704,94507-2704,6/18/2021,Mr,Bradford,H,Lowe,,37.86185,-121.978309,Wild Flower Pl ,"508 Wild Flower Pl, Alamo, CA 94507-2704",,(925) 406-4796,(510) 388-7587,Home: (000) 000-0000 Cell: (000) 000-0000,
128,James P Garvin,,509 Wild Flower Pl ,Alamo,CA,94507,2704,94507-2704,6/18/2021,Mr,James,P,Garvin,,37.861405,-121.978361,Wild Flower Pl ,"509 Wild Flower Pl, Alamo, CA 94507-2704",,(925) 838-2570,,Home: (000) 000-0000 Cell: (000) 000-0000,
128,Donald R French,,516 Wild Flower Pl ,Alamo,CA,94507,2704,94507-2704,6/18/2021,Mr,Donald,R,French,,37.861837,-121.977866,Wild Flower Pl ,"516 Wild Flower Pl, Alamo, CA 94507-2704",,,,Home: (000) 000-0000 Cell: (000) 000-0000,
128,George R Bassett,,524 Wild Flower Pl ,Alamo,CA,94507,2704,94507-2704,6/18/2021,Mr,George,R,Bassett,,37.861964,-121.977385,Wild Flower Pl ,"524 Wild Flower Pl, Alamo, CA 94507-2704",,(925) 820-4054,,Home: (000) 000-0000 Cell: (000) 000-0000,
128,Francis T Finnegan,,532 Wild Flower Pl ,Alamo,CA,94507,2704,94507-2704,6/18/2021,Mr,Francis,T,Finnegan,II,37.862008,-121.976822,Wild Flower Pl ,"532 Wild Flower Pl, Alamo, CA 94507-2704",,(925) 837-0594,,Home: (000) 000-0000 Cell: (000) 000-0000,
128,Todd R Dimartino,,540 Wild Flower Pl ,Alamo,CA,94507,2704,94507-2704,6/18/2021,Mr,Todd,R,Dimartino,,37.862048,-121.97622,Wild Flower Pl ,"540 Wild Flower Pl, Alamo, CA 94507-2704",,,,Home: (000) 000-0000 Cell: (000) 000-0000,