Terr,PreName,FirstName,MiddleName,LastName,PostName,Age,address_line1,city,state,zip,Plus4,zipfull,Updated,Latitude,Longitude,Name,Grouping,Address,Status,Result,Phone,Mobile,Notes
009,Ms,Madeline,L,Crooks,,,1600 Carmel Dr Apt 1,Walnut Creek,CA,94596,7207,94596-7207,6/18/2021,37.901364,-122.058128,Madeline L Crooks,Carmel Dr,"1600 Carmel Dr Apt 1, Walnut Creek, CA 94596-7207",,,,,#N/A
009,Ms,Jennifer,L,Lee,,,1600 Carmel Dr Apt 2,Walnut Creek,CA,94596,7207,94596-7207,6/18/2021,37.901364,-122.058128,Jennifer L Lee,Carmel Dr,"1600 Carmel Dr Apt 2, Walnut Creek, CA 94596-7207",,,,,
009,Mr,James,P,Mongey,,,1600 Carmel Dr Apt 3,Walnut Creek,CA,94596,7207,94596-7207,6/18/2021,37.901364,-122.058128,James P Mongey,Carmel Dr,"1600 Carmel Dr Apt 3, Walnut Creek, CA 94596-7207",,,,,
009,,,,,,,1600 Carmel Dr Apt 4,Walnut Creek,CA,94596,7207,94596-7207,6/18/2021,37.901364,-122.058128, ,Carmel Dr,"1600 Carmel Dr Apt 4, Walnut Creek, CA 94596-7207",,,,,
009,,,,,,,1600 Carmel Dr Apt 6,Walnut Creek,CA,94596,7207,94596-7207,6/18/2021,37.901364,-122.058128, ,Carmel Dr,"1600 Carmel Dr Apt 6, Walnut Creek, CA 94596-7207",,,,,
009,Mr,Claude,,Lovell,,,1600 Carmel Dr Apt 7,Walnut Creek,CA,94596,7207,94596-7207,6/18/2021,37.901364,-122.058128,Claude Lovell,Carmel Dr,"1600 Carmel Dr Apt 7, Walnut Creek, CA 94596-7207",,,,,
009,Ms,Kimberly,A,Baas,,,1600 Carmel Dr Apt 8,Walnut Creek,CA,94596,7210,94596-7210,6/18/2021,37.901364,-122.058128,Kimberly A Baas,Carmel Dr,"1600 Carmel Dr Apt 8, Walnut Creek, CA 94596-7210",,,,,
009,Ms,Tracey,L,Seals,,,1600 Carmel Dr Apt 9,Walnut Creek,CA,94596,7210,94596-7210,6/18/2021,37.901364,-122.058128,Tracey L Seals,Carmel Dr,"1600 Carmel Dr Apt 9, Walnut Creek, CA 94596-7210",,,,,
009,,,,,,,1600 Carmel Dr Apt 10,Walnut Creek,CA,94596,7210,94596-7210,6/18/2021,37.901364,-122.058128, ,Carmel Dr,"1600 Carmel Dr Apt 10, Walnut Creek, CA 94596-7210",,,,,
009,Ms,Julie,,Hicks,,,1600 Carmel Dr Apt 11,Walnut Creek,CA,94596,7210,94596-7210,6/18/2021,37.901364,-122.058128,Julie Hicks,Carmel Dr,"1600 Carmel Dr Apt 11, Walnut Creek, CA 94596-7210",,,,,
009,Ms,Tatyana,,Toutjian,,,1600 Carmel Dr Apt 12,Walnut Creek,CA,94596,7210,94596-7210,6/18/2021,37.901364,-122.058128,Tatyana Toutjian,Carmel Dr,"1600 Carmel Dr Apt 12, Walnut Creek, CA 94596-7210",,,,,
009,,,,,,,1600 Carmel Dr Apt 14,Walnut Creek,CA,94596,7211,94596-7211,6/18/2021,37.901364,-122.058128, ,Carmel Dr,"1600 Carmel Dr Apt 14, Walnut Creek, CA 94596-7211",,,,,
009,Mr,James,M,Schiller,,,1600 Carmel Dr Apt 15,Walnut Creek,CA,94596,7211,94596-7211,6/18/2021,37.901364,-122.058128,James M Schiller,Carmel Dr,"1600 Carmel Dr Apt 15, Walnut Creek, CA 94596-7211",,,,,
009,,,,,,,1600 Carmel Dr Apt 16,Walnut Creek,CA,94596,7211,94596-7211,6/18/2021,37.901364,-122.058128, ,Carmel Dr,"1600 Carmel Dr Apt 16, Walnut Creek, CA 94596-7211",,,,,
009,,,,,,,1600 Carmel Dr Apt 17,Walnut Creek,CA,94596,7211,94596-7211,6/18/2021,37.901364,-122.058128, ,Carmel Dr,"1600 Carmel Dr Apt 17, Walnut Creek, CA 94596-7211",,,,,
009,Mr,David,,Tanner,,,1600 Carmel Dr Apt 18,Walnut Creek,CA,94596,7211,94596-7211,6/18/2021,37.901364,-122.058128,David Tanner,Carmel Dr,"1600 Carmel Dr Apt 18, Walnut Creek, CA 94596-7211",,,,,
009,Ms,Ammie,R,Rhone,,,1600 Carmel Dr Apt 19,Walnut Creek,CA,94596,7211,94596-7211,6/18/2021,37.901364,-122.058128,Ammie R Rhone,Carmel Dr,"1600 Carmel Dr Apt 19, Walnut Creek, CA 94596-7211",,,,,
009,,Rumneek,S,Sall,,,1600 Carmel Dr Apt 20,Walnut Creek,CA,94596,7212,94596-7212,6/18/2021,37.901364,-122.058128,Rumneek S Sall,Carmel Dr,"1600 Carmel Dr Apt 20, Walnut Creek, CA 94596-7212",,,,,
009,,,,,,,1600 Carmel Dr Apt 21,Walnut Creek,CA,94596,7212,94596-7212,6/18/2021,37.901364,-122.058128, ,Carmel Dr,"1600 Carmel Dr Apt 21, Walnut Creek, CA 94596-7212",,,,,
009,Ms,Marissa,O,Sander,,,1600 Carmel Dr Apt 22,Walnut Creek,CA,94596,7212,94596-7212,6/18/2021,37.901364,-122.058128,Marissa O Sander,Carmel Dr,"1600 Carmel Dr Apt 22, Walnut Creek, CA 94596-7212",,,,,
009,,,,,,,1600 Carmel Dr Apt 23,Walnut Creek,CA,94596,7212,94596-7212,6/18/2021,37.901364,-122.058128, ,Carmel Dr,"1600 Carmel Dr Apt 23, Walnut Creek, CA 94596-7212",,,,,
009,Mr,Kevin,A,Clancy,,,1600 Carmel Dr Apt 24,Walnut Creek,CA,94596,7212,94596-7212,6/18/2021,37.901364,-122.058128,Kevin A Clancy,Carmel Dr,"1600 Carmel Dr Apt 24, Walnut Creek, CA 94596-7212",,,,,
009,,,,,,,1600 Carmel Dr Apt 25,Walnut Creek,CA,94596,7212,94596-7212,6/18/2021,37.901364,-122.058128, ,Carmel Dr,"1600 Carmel Dr Apt 25, Walnut Creek, CA 94596-7212",,,,,
009,,,,,,,1600 Carmel Dr Apt 29,Walnut Creek,CA,94596,7210,94596-7210,6/18/2021,37.901364,-122.058128, ,Carmel Dr,"1600 Carmel Dr Apt 29, Walnut Creek, CA 94596-7210",,,,,
009,Mr,Anthony,,Rohrs,,,1611 Carmel Dr ,Walnut Creek,CA,94596,4217,94596-4217,6/18/2021,37.900952,-122.058686,Anthony Rohrs,Carmel Dr,"1611 Carmel Dr , Walnut Creek, CA 94596-4217",,,,,
009,,,,,,,1611 Carmel Dr Apt A,Walnut Creek,CA,94596,4217,94596-4217,6/18/2021,37.900952,-122.058686, ,Carmel Dr,"1611 Carmel Dr Apt A, Walnut Creek, CA 94596-4217",,,,,
009,,,,,,,1615 Carmel Dr ,Walnut Creek,CA,94596,4217,94596-4217,6/18/2021,37.900977,-122.058989, ,Carmel Dr,"1615 Carmel Dr , Walnut Creek, CA 94596-4217",,,,,
009,Mr,Robert,B,Mitchell,,,1617 Carmel Dr ,Walnut Creek,CA,94596,4217,94596-4217,6/18/2021,37.901203,-122.058936,Robert B Mitchell,Carmel Dr,"1617 Carmel Dr , Walnut Creek, CA 94596-4217",,,,,
009,Mr,Noel,,Howard,,,1619 Carmel Dr ,Walnut Creek,CA,94596,4217,94596-4217,6/18/2021,37.90121,-122.058632,Noel Howard,Carmel Dr,"1619 Carmel Dr , Walnut Creek, CA 94596-4217",,,,,
009,Ms,Jennifer,J,Suter,,,1619 Carmel Dr Apt A,Walnut Creek,CA,94596,4285,94596-4285,6/18/2021,37.90121,-122.058632,Jennifer J Suter,Carmel Dr,"1619 Carmel Dr Apt A, Walnut Creek, CA 94596-4285",,,,,
009,Mr,Randy,,Portwood,,,1619 Carmel Dr Apt B,Walnut Creek,CA,94596,4285,94596-4285,6/18/2021,37.90121,-122.058632,Randy Portwood,Carmel Dr,"1619 Carmel Dr Apt B, Walnut Creek, CA 94596-4285",,,,,
009,Mr,Rolando,J,Dominguez,,,1632 Carmel Dr ,Walnut Creek,CA,94596,4218,94596-4218,6/18/2021,37.901465,-122.058133,Rolando J Dominguez,Carmel Dr,"1632 Carmel Dr , Walnut Creek, CA 94596-4218",,,,,
009,Ms,Andrea,D,Moreno,,,1636 Carmel Dr ,Walnut Creek,CA,94596,4218,94596-4218,6/18/2021,37.901044,-122.058214,Andrea D Moreno,Carmel Dr,"1636 Carmel Dr , Walnut Creek, CA 94596-4218",,,,,
009,Mr,Anthony,S,Sponzilli,,,1642 Carmel Dr ,Walnut Creek,CA,94596,4218,94596-4218,6/18/2021,37.901045,-122.058311,Anthony S Sponzilli,Carmel Dr,"1642 Carmel Dr , Walnut Creek, CA 94596-4218",,,,,
009,Mr,Matthew,T,Dotson,,,1645 Carmel Dr Apt 1,Walnut Creek,CA,94596,4252,94596-4252,6/18/2021,37.901409,-122.058784,Matthew T Dotson,Carmel Dr,"1645 Carmel Dr Apt 1, Walnut Creek, CA 94596-4252",,,,,
009,,,,,,,1645 Carmel Dr Apt 2,Walnut Creek,CA,94596,4252,94596-4252,6/18/2021,37.901409,-122.058784, ,Carmel Dr,"1645 Carmel Dr Apt 2, Walnut Creek, CA 94596-4252",,,,,
009,Ms,Kelsey,R,Martin,,,1645 Carmel Dr Apt 3,Walnut Creek,CA,94596,4252,94596-4252,6/18/2021,37.901409,-122.058784,Kelsey R Martin,Carmel Dr,"1645 Carmel Dr Apt 3, Walnut Creek, CA 94596-4252",,,,,
009,,,,,,,1645 Carmel Dr Apt 4,Walnut Creek,CA,94596,4252,94596-4252,6/18/2021,37.901409,-122.058784, ,Carmel Dr,"1645 Carmel Dr Apt 4, Walnut Creek, CA 94596-4252",,,,,
009,Ms,Susan,S,Chin,,,1645 Carmel Dr Apt 5,Walnut Creek,CA,94596,7225,94596-7225,6/18/2021,37.901409,-122.058784,Susan S Chin,Carmel Dr,"1645 Carmel Dr Apt 5, Walnut Creek, CA 94596-7225",,,,,
009,Ms,Adrianna,,Rubino,,,1645 Carmel Dr Apt 6,Walnut Creek,CA,94596,7225,94596-7225,6/18/2021,37.901409,-122.058784,Adrianna Rubino,Carmel Dr,"1645 Carmel Dr Apt 6, Walnut Creek, CA 94596-7225",,,,,
009,,,,,,,1645 Carmel Dr Apt 7,Walnut Creek,CA,94596,7225,94596-7225,6/18/2021,37.901409,-122.058784, ,Carmel Dr,"1645 Carmel Dr Apt 7, Walnut Creek, CA 94596-7225",,,,,
009,Mr,Bryan,,Torres,,,1645 Carmel Dr Apt 8,Walnut Creek,CA,94596,7225,94596-7225,6/18/2021,37.901409,-122.058784,Bryan Torres,Carmel Dr,"1645 Carmel Dr Apt 8, Walnut Creek, CA 94596-7225",,,,,
009,Mr,Wilson,,Matthew,,,1654 Carmel Dr ,Walnut Creek,CA,94596,4218,94596-4218,6/18/2021,37.901636,-122.058039,Wilson Matthew,Carmel Dr,"1654 Carmel Dr , Walnut Creek, CA 94596-4218",,,,,
009,,,,,,,1665 Carmel Dr ,Walnut Creek,CA,94596,4217,94596-4217,6/18/2021,37.901705,-122.058623, ,Carmel Dr,"1665 Carmel Dr , Walnut Creek, CA 94596-4217",,,,,
009,,,,,,,1672 Carmel Dr ,Walnut Creek,CA,94596,4218,94596-4218,6/18/2021,37.901874,-122.057981, ,Carmel Dr,"1672 Carmel Dr , Walnut Creek, CA 94596-4218",,,,,
009,Ms,Denise,,Mcfarlane,,,1674 Carmel Dr ,Walnut Creek,CA,94596,4218,94596-4218,6/18/2021,37.901237,-122.058275,Denise Mcfarlane,Carmel Dr,"1674 Carmel Dr , Walnut Creek, CA 94596-4218",,,,,
009,,,,,,,1679 Carmel Dr Apt A,Walnut Creek,CA,94596,4217,94596-4217,6/18/2021,37.901877,-122.05856, ,Carmel Dr,"1679 Carmel Dr Apt A, Walnut Creek, CA 94596-4217",,,,,
009,,,,,,,1679 Carmel Dr Apt B,Walnut Creek,CA,94596,4217,94596-4217,6/18/2021,37.901877,-122.05856, ,Carmel Dr,"1679 Carmel Dr Apt B, Walnut Creek, CA 94596-4217",,,,,
009,Ms,Janice,,Sartain,,,1680 Carmel Dr ,Walnut Creek,CA,94596,4218,94596-4218,6/18/2021,37.901291,-122.058259,Janice Sartain,Carmel Dr,"1680 Carmel Dr , Walnut Creek, CA 94596-4218",,,,,
009,Mr,Jeffrey,R,Chavez,,,1682 Carmel Dr ,Walnut Creek,CA,94596,4218,94596-4218,6/18/2021,37.901309,-122.058253,Jeffrey R Chavez,Carmel Dr,"1682 Carmel Dr , Walnut Creek, CA 94596-4218",,,,,
009,,,,,,,1705 Carmel Dr Apt 101,Walnut Creek,CA,94596,4201,94596-4201,6/18/2021,37.902141,-122.058472, ,Carmel Dr,"1705 Carmel Dr Apt 101, Walnut Creek, CA 94596-4201",,,,,
009,Mr,Sasa,R,Ristic,,,1705 Carmel Dr Apt 102,Walnut Creek,CA,94596,4201,94596-4201,6/18/2021,37.902141,-122.058472,Sasa R Ristic,Carmel Dr,"1705 Carmel Dr Apt 102, Walnut Creek, CA 94596-4201",,,,,
009,Mr,Thomas,B,Bennett,,,1705 Carmel Dr Apt 103,Walnut Creek,CA,94596,4201,94596-4201,6/18/2021,37.902141,-122.058472,Thomas B Bennett,Carmel Dr,"1705 Carmel Dr Apt 103, Walnut Creek, CA 94596-4201",,,,,
009,,,,,,,1705 Carmel Dr Apt 104,Walnut Creek,CA,94596,4201,94596-4201,6/18/2021,37.902141,-122.058472, ,Carmel Dr,"1705 Carmel Dr Apt 104, Walnut Creek, CA 94596-4201",,,,,
009,Ms,Michelle,,Li,,,1705 Carmel Dr Apt 105,Walnut Creek,CA,94596,4201,94596-4201,6/18/2021,37.902141,-122.058472,Michelle Li,Carmel Dr,"1705 Carmel Dr Apt 105, Walnut Creek, CA 94596-4201",,,,,
009,,,,,,,1705 Carmel Dr Apt 106,Walnut Creek,CA,94596,4201,94596-4201,6/18/2021,37.902141,-122.058472, ,Carmel Dr,"1705 Carmel Dr Apt 106, Walnut Creek, CA 94596-4201",,,,,
009,,,,,,,1705 Carmel Dr Apt 201,Walnut Creek,CA,94596,7236,94596-7236,6/18/2021,37.902141,-122.058472, ,Carmel Dr,"1705 Carmel Dr Apt 201, Walnut Creek, CA 94596-7236",,,,,
009,,,,,,,1705 Carmel Dr Apt 202,Walnut Creek,CA,94596,7236,94596-7236,6/18/2021,37.902141,-122.058472, ,Carmel Dr,"1705 Carmel Dr Apt 202, Walnut Creek, CA 94596-7236",,,,,
009,Mr,Jesus,,Arteaga,,,1705 Carmel Dr Apt 203,Walnut Creek,CA,94596,7236,94596-7236,6/18/2021,37.902141,-122.058472,Jesus Arteaga,Carmel Dr,"1705 Carmel Dr Apt 203, Walnut Creek, CA 94596-7236",,,,,
009,,,,,,,1705 Carmel Dr Apt 204,Walnut Creek,CA,94596,7236,94596-7236,6/18/2021,37.902141,-122.058472, ,Carmel Dr,"1705 Carmel Dr Apt 204, Walnut Creek, CA 94596-7236",,,,,
009,Mr,Ron,,Savage,,,1705 Carmel Dr Apt 205,Walnut Creek,CA,94596,7237,94596-7237,6/18/2021,37.902141,-122.058472,Ron Savage,Carmel Dr,"1705 Carmel Dr Apt 205, Walnut Creek, CA 94596-7237",,,,,
009,Ms,Katherine,,Anderson,,,1705 Carmel Dr Apt 206,Walnut Creek,CA,94596,7237,94596-7237,6/18/2021,37.902141,-122.058472,Katherine Anderson,Carmel Dr,"1705 Carmel Dr Apt 206, Walnut Creek, CA 94596-7237",,,,,
009,,,,,,,1705 Carmel Dr Apt 207,Walnut Creek,CA,94596,7237,94596-7237,6/18/2021,37.902141,-122.058472, ,Carmel Dr,"1705 Carmel Dr Apt 207, Walnut Creek, CA 94596-7237",,,,,
009,Ms,Marsha,W,Fenner,,,1705 Carmel Dr Apt 301,Walnut Creek,CA,94596,4202,94596-4202,6/18/2021,37.902141,-122.058472,Marsha W Fenner,Carmel Dr,"1705 Carmel Dr Apt 301, Walnut Creek, CA 94596-4202",,,,,
009,Ms,Maria,R,Porras,,,1705 Carmel Dr Apt 302,Walnut Creek,CA,94596,4202,94596-4202,6/18/2021,37.902141,-122.058472,Maria R Porras,Carmel Dr,"1705 Carmel Dr Apt 302, Walnut Creek, CA 94596-4202",,,,,
009,Mr,James,,Hammond,,,1705 Carmel Dr Apt 303,Walnut Creek,CA,94596,4202,94596-4202,6/18/2021,37.902141,-122.058472,James Hammond,Carmel Dr,"1705 Carmel Dr Apt 303, Walnut Creek, CA 94596-4202",,,,,
009,Ms,Kimberly,V,Vanburen,,,1705 Carmel Dr Apt 304,Walnut Creek,CA,94596,4202,94596-4202,6/18/2021,37.902141,-122.058472,Kimberly V Vanburen,Carmel Dr,"1705 Carmel Dr Apt 304, Walnut Creek, CA 94596-4202",,,,,
009,,Parham,,Koohbor,,,1705 Carmel Dr Apt 305,Walnut Creek,CA,94596,4202,94596-4202,6/18/2021,37.902141,-122.058472,Parham Koohbor,Carmel Dr,"1705 Carmel Dr Apt 305, Walnut Creek, CA 94596-4202",,,,,
009,,,,,,,1705 Carmel Dr Apt 306,Walnut Creek,CA,94596,4202,94596-4202,6/18/2021,37.902141,-122.058472, ,Carmel Dr,"1705 Carmel Dr Apt 306, Walnut Creek, CA 94596-4202",,,,,
009,Mr,Matthew,A,Sadowski,,,1705 Carmel Dr Apt 307,Walnut Creek,CA,94596,4202,94596-4202,6/18/2021,37.902141,-122.058472,Matthew A Sadowski,Carmel Dr,"1705 Carmel Dr Apt 307, Walnut Creek, CA 94596-4202",,,,,
009,Mr,John,P,Howard,,,1743 Carmel Dr Apt 1,Walnut Creek,CA,94596,4240,94596-4240,6/18/2021,37.902427,-122.058297,John P Howard,Carmel Dr,"1743 Carmel Dr Apt 1, Walnut Creek, CA 94596-4240",,,,,
009,Mr,Kory,C,Altheide,,,1743 Carmel Dr Apt 2,Walnut Creek,CA,94596,4240,94596-4240,6/18/2021,37.902427,-122.058297,Kory C Altheide,Carmel Dr,"1743 Carmel Dr Apt 2, Walnut Creek, CA 94596-4240",,,,,
009,Ms,Leanore,A,Bellas,,,1743 Carmel Dr Apt 3,Walnut Creek,CA,94596,4240,94596-4240,6/18/2021,37.902427,-122.058297,Leanore A Bellas,Carmel Dr,"1743 Carmel Dr Apt 3, Walnut Creek, CA 94596-4240",,,,,
009,Mr,Mark,T,Lavey,,,1743 Carmel Dr Apt 4,Walnut Creek,CA,94596,4240,94596-4240,6/18/2021,37.902427,-122.058297,Mark T Lavey,Carmel Dr,"1743 Carmel Dr Apt 4, Walnut Creek, CA 94596-4240",,,,,
009,Mr,Mikhail,,Fishman,,,1743 Carmel Dr Apt 5,Walnut Creek,CA,94596,4241,94596-4241,6/18/2021,37.902427,-122.058297,Mikhail Fishman,Carmel Dr,"1743 Carmel Dr Apt 5, Walnut Creek, CA 94596-4241",,,,,
009,Mr,Scott,,Somers,,,1743 Carmel Dr Apt 6,Walnut Creek,CA,94596,4241,94596-4241,6/18/2021,37.902427,-122.058297,Scott Somers,Carmel Dr,"1743 Carmel Dr Apt 6, Walnut Creek, CA 94596-4241",,,,,
009,Ms,Katrina,,Behrend,,,1743 Carmel Dr Apt 7,Walnut Creek,CA,94596,4241,94596-4241,6/18/2021,37.902427,-122.058297,Katrina Behrend,Carmel Dr,"1743 Carmel Dr Apt 7, Walnut Creek, CA 94596-4241",,,,,
009,Mr,Eric,,Zhang,,,1743 Carmel Dr Apt 8,Walnut Creek,CA,94596,4279,94596-4279,6/18/2021,37.902427,-122.058297,Eric Zhang,Carmel Dr,"1743 Carmel Dr Apt 8, Walnut Creek, CA 94596-4279",,,,,
009,,,,,,,1743 Carmel Dr Apt 9,Walnut Creek,CA,94596,4279,94596-4279,6/18/2021,37.902427,-122.058297, ,Carmel Dr,"1743 Carmel Dr Apt 9, Walnut Creek, CA 94596-4279",,,,,
009,Ms,Hing,M,Mak,,,1743 Carmel Dr Apt 10,Walnut Creek,CA,94596,4279,94596-4279,6/18/2021,37.902427,-122.058297,Hing M Mak,Carmel Dr,"1743 Carmel Dr Apt 10, Walnut Creek, CA 94596-4279",,,,,
009,,Klara,,Bernsteyn,,,1743 Carmel Dr Apt 11,Walnut Creek,CA,94596,4279,94596-4279,6/18/2021,37.902427,-122.058297,Klara Bernsteyn,Carmel Dr,"1743 Carmel Dr Apt 11, Walnut Creek, CA 94596-4279",,,,,
009,Ms,Maryam,N,Maghsoodnia,,,1743 Carmel Dr Apt 12,Walnut Creek,CA,94596,4279,94596-4279,6/18/2021,37.902427,-122.058297,Maryam N Maghsoodnia,Carmel Dr,"1743 Carmel Dr Apt 12, Walnut Creek, CA 94596-4279",,,,,
009,Ms,Janice,A,Jensen,,,1743 Carmel Dr Apt 12A,Walnut Creek,CA,94596,4280,94596-4280,6/18/2021,37.902427,-122.058297,Janice A Jensen,Carmel Dr,"1743 Carmel Dr Apt 12A, Walnut Creek, CA 94596-4280",,,,,
009,Mr,Matt,,Bissada,,,1743 Carmel Dr Apt 14,Walnut Creek,CA,94596,4280,94596-4280,6/18/2021,37.902427,-122.058297,Matt Bissada,Carmel Dr,"1743 Carmel Dr Apt 14, Walnut Creek, CA 94596-4280",,,,,
009,Mr,Zachary,,Fulmore,,,1743 Carmel Dr Apt 15,Walnut Creek,CA,94596,4238,94596-4238,6/18/2021,37.902427,-122.058297,Zachary Fulmore,Carmel Dr,"1743 Carmel Dr Apt 15, Walnut Creek, CA 94596-4238",,,,,
009,Ms,Kaitlin,L,Harrison,,,1743 Carmel Dr Apt 16,Walnut Creek,CA,94596,4238,94596-4238,6/18/2021,37.902427,-122.058297,Kaitlin L Harrison,Carmel Dr,"1743 Carmel Dr Apt 16, Walnut Creek, CA 94596-4238",,,,,
009,,Ghnm,,Gfn,,,1743 Carmel Dr Apt 17,Walnut Creek,CA,94596,4238,94596-4238,6/18/2021,37.902427,-122.058297,Ghnm Gfn,Carmel Dr,"1743 Carmel Dr Apt 17, Walnut Creek, CA 94596-4238",,,,,
009,Mr,Eric,,Zhang,,,1743 Carmel Dr Apt 18,Walnut Creek,CA,94596,4238,94596-4238,6/18/2021,37.902427,-122.058297,Eric Zhang,Carmel Dr,"1743 Carmel Dr Apt 18, Walnut Creek, CA 94596-4238",,,,,
009,Mr,Eric,,Siemon,,,1743 Carmel Dr Apt 20,Walnut Creek,CA,94596,4281,94596-4281,6/18/2021,37.902427,-122.058297,Eric Siemon,Carmel Dr,"1743 Carmel Dr Apt 20, Walnut Creek, CA 94596-4281",,,,,
009,,,,,,,1743 Carmel Dr Apt 21,Walnut Creek,CA,94596,4281,94596-4281,6/18/2021,37.902427,-122.058297, ,Carmel Dr,"1743 Carmel Dr Apt 21, Walnut Creek, CA 94596-4281",,,,,
009,Ms,Manuela,,Cook,,,1743 Carmel Dr Apt 22,Walnut Creek,CA,94596,4281,94596-4281,6/18/2021,37.902427,-122.058297,Manuela Cook,Carmel Dr,"1743 Carmel Dr Apt 22, Walnut Creek, CA 94596-4281",,,,,
009,Ms,Mary,,Mcdevitt,,,1743 Carmel Dr Apt 23,Walnut Creek,CA,94596,4281,94596-4281,6/18/2021,37.902427,-122.058297,Mary Mcdevitt,Carmel Dr,"1743 Carmel Dr Apt 23, Walnut Creek, CA 94596-4281",,,,,
009,Ms,Nina,,Ellis-Haye,,,1743 Carmel Dr Apt 24,Walnut Creek,CA,94596,4281,94596-4281,6/18/2021,37.902427,-122.058297,Nina Ellis-Haye,Carmel Dr,"1743 Carmel Dr Apt 24, Walnut Creek, CA 94596-4281",,,,,
009,Ms,Sheila,A,Mcmullen,,,1743 Carmel Dr Apt 25,Walnut Creek,CA,94596,4282,94596-4282,6/18/2021,37.902427,-122.058297,Sheila A Mcmullen,Carmel Dr,"1743 Carmel Dr Apt 25, Walnut Creek, CA 94596-4282",,,,,
009,Mr,Ulas,,Karaoz,,,1743 Carmel Dr Apt 26,Walnut Creek,CA,94596,4282,94596-4282,6/18/2021,37.902427,-122.058297,Ulas Karaoz,Carmel Dr,"1743 Carmel Dr Apt 26, Walnut Creek, CA 94596-4282",,,,,
009,Ms,Majid,,Akhavan,,,1743 Carmel Dr Apt 27,Walnut Creek,CA,94596,4282,94596-4282,6/18/2021,37.902427,-122.058297,Majid Akhavan,Carmel Dr,"1743 Carmel Dr Apt 27, Walnut Creek, CA 94596-4282",,,,,
009,Mr,Matthew,H,Nash,,,1743 Carmel Dr Apt 28,Walnut Creek,CA,94596,4282,94596-4282,6/18/2021,37.902427,-122.058297,Matthew H Nash,Carmel Dr,"1743 Carmel Dr Apt 28, Walnut Creek, CA 94596-4282",,,,,
009,Mr,Rodney,,Lai,,,1743 Carmel Dr Apt 29,Walnut Creek,CA,94596,4282,94596-4282,6/18/2021,37.902427,-122.058297,Rodney Lai,Carmel Dr,"1743 Carmel Dr Apt 29, Walnut Creek, CA 94596-4282",,,,,
009,Mr,Ronald,,Esta,,,1743 Carmel Dr Apt 30,Walnut Creek,CA,94596,4239,94596-4239,6/18/2021,37.902427,-122.058297,Ronald Esta,Carmel Dr,"1743 Carmel Dr Apt 30, Walnut Creek, CA 94596-4239",,,,,
009,Mr,Emin,,Sular,,,1743 Carmel Dr Apt 31,Walnut Creek,CA,94596,4239,94596-4239,6/18/2021,37.902427,-122.058297,Emin Sular,Carmel Dr,"1743 Carmel Dr Apt 31, Walnut Creek, CA 94596-4239",,,,,
009,Ms,Janelle,,Chase,,,1743 Carmel Dr Apt 32,Walnut Creek,CA,94596,4239,94596-4239,6/18/2021,37.902427,-122.058297,Janelle Chase,Carmel Dr,"1743 Carmel Dr Apt 32, Walnut Creek, CA 94596-4239",,,,,
009,Ms,Yung,,Biq,,,1743 Carmel Dr Apt 33,Walnut Creek,CA,94596,4239,94596-4239,6/18/2021,37.902427,-122.058297,Yung Biq,Carmel Dr,"1743 Carmel Dr Apt 33, Walnut Creek, CA 94596-4239",,,,,
009,,,,,,,1743 Carmel Dr Apt 34,Walnut Creek,CA,94596,4239,94596-4239,6/18/2021,37.902427,-122.058297, ,Carmel Dr,"1743 Carmel Dr Apt 34, Walnut Creek, CA 94596-4239",,,,,
009,,,,,,,1744 Carmel Dr Apt 101,Walnut Creek,CA,94596,4203,94596-4203,6/18/2021,37.902347,-122.057532, ,Carmel Dr,"1744 Carmel Dr Apt 101, Walnut Creek, CA 94596-4203",,,,,
009,,,,,,,1744 Carmel Dr Apt 102,Walnut Creek,CA,94596,4203,94596-4203,6/18/2021,37.902347,-122.057532, ,Carmel Dr,"1744 Carmel Dr Apt 102, Walnut Creek, CA 94596-4203",,,,,
009,Mr,William,F,Klein,,,1744 Carmel Dr Apt 201,Walnut Creek,CA,94596,7229,94596-7229,6/18/2021,37.902347,-122.057532,William F Klein,Carmel Dr,"1744 Carmel Dr Apt 201, Walnut Creek, CA 94596-7229",,,,,
009,,,,,,,1744 Carmel Dr Apt 202,Walnut Creek,CA,94596,7229,94596-7229,6/18/2021,37.902347,-122.057532, ,Carmel Dr,"1744 Carmel Dr Apt 202, Walnut Creek, CA 94596-7229",,,,,
009,,,,,,,1744 Carmel Dr Apt 203,Walnut Creek,CA,94596,7229,94596-7229,6/18/2021,37.902347,-122.057532, ,Carmel Dr,"1744 Carmel Dr Apt 203, Walnut Creek, CA 94596-7229",,,,,
009,,,,,,,1744 Carmel Dr Apt 204,Walnut Creek,CA,94596,7229,94596-7229,6/18/2021,37.902347,-122.057532, ,Carmel Dr,"1744 Carmel Dr Apt 204, Walnut Creek, CA 94596-7229",,,,,
009,Mr,Sergio,E,Espinoza,,,1744 Carmel Dr Apt 205,Walnut Creek,CA,94596,4290,94596-4290,6/18/2021,37.902347,-122.057532,Sergio E Espinoza,Carmel Dr,"1744 Carmel Dr Apt 205, Walnut Creek, CA 94596-4290",,,,,
009,Ms,Sonia,,Liwanag,,,1744 Carmel Dr Apt 206,Walnut Creek,CA,94596,4290,94596-4290,6/18/2021,37.902347,-122.057532,Sonia Liwanag,Carmel Dr,"1744 Carmel Dr Apt 206, Walnut Creek, CA 94596-4290",,,,,
009,Mr,Stephen,V,Liwanag,,,1744 Carmel Dr Apt 207,Walnut Creek,CA,94596,4290,94596-4290,6/18/2021,37.902347,-122.057532,Stephen V Liwanag,Carmel Dr,"1744 Carmel Dr Apt 207, Walnut Creek, CA 94596-4290",,,,,
009,Ms,Josiane,B,Breton,,,1744 Carmel Dr Apt 208,Walnut Creek,CA,94596,4290,94596-4290,6/18/2021,37.902347,-122.057532,Josiane B Breton,Carmel Dr,"1744 Carmel Dr Apt 208, Walnut Creek, CA 94596-4290",,,,,
009,,,,,,,1744 Carmel Dr Apt 209,Walnut Creek,CA,94596,4290,94596-4290,6/18/2021,37.902347,-122.057532, ,Carmel Dr,"1744 Carmel Dr Apt 209, Walnut Creek, CA 94596-4290",,,,,
009,,,,,,,1744 Carmel Dr Apt 210,Walnut Creek,CA,94596,4242,94596-4242,6/18/2021,37.902347,-122.057532, ,Carmel Dr,"1744 Carmel Dr Apt 210, Walnut Creek, CA 94596-4242",,,,,
009,,,,,,,1744 Carmel Dr Apt 211,Walnut Creek,CA,94596,4242,94596-4242,6/18/2021,37.902347,-122.057532, ,Carmel Dr,"1744 Carmel Dr Apt 211, Walnut Creek, CA 94596-4242",,,,,
009,Mr,Alexander,,Deluna,,,1744 Carmel Dr Apt 212,Walnut Creek,CA,94596,4242,94596-4242,6/18/2021,37.902347,-122.057532,Alexander Deluna,Carmel Dr,"1744 Carmel Dr Apt 212, Walnut Creek, CA 94596-4242",,,,,
009,Ms,Jamie,,Dasilveira,,,1744 Carmel Dr Apt 213,Walnut Creek,CA,94596,4242,94596-4242,6/18/2021,37.902347,-122.057532,Jamie Dasilveira,Carmel Dr,"1744 Carmel Dr Apt 213, Walnut Creek, CA 94596-4242",,,,,
009,Ms,Johanna,M,Tolentino,,,1744 Carmel Dr Apt 214,Walnut Creek,CA,94596,4242,94596-4242,6/18/2021,37.902347,-122.057532,Johanna M Tolentino,Carmel Dr,"1744 Carmel Dr Apt 214, Walnut Creek, CA 94596-4242",,,,,
009,,,,,,,1744 Carmel Dr Apt 301,Walnut Creek,CA,94596,7230,94596-7230,6/18/2021,37.902347,-122.057532, ,Carmel Dr,"1744 Carmel Dr Apt 301, Walnut Creek, CA 94596-7230",,,,,
009,Mr,William,,Klein,,,1744 Carmel Dr Apt 302,Walnut Creek,CA,94596,7230,94596-7230,6/18/2021,37.902347,-122.057532,William Klein,Carmel Dr,"1744 Carmel Dr Apt 302, Walnut Creek, CA 94596-7230",,,,,
009,Ms,Hanna,,Park,,,1744 Carmel Dr Apt 303,Walnut Creek,CA,94596,7230,94596-7230,6/18/2021,37.902347,-122.057532,Hanna Park,Carmel Dr,"1744 Carmel Dr Apt 303, Walnut Creek, CA 94596-7230",,,,,
009,Mr,David,J,Belanger,,,1744 Carmel Dr Apt 304,Walnut Creek,CA,94596,7230,94596-7230,6/18/2021,37.902347,-122.057532,David J Belanger,Carmel Dr,"1744 Carmel Dr Apt 304, Walnut Creek, CA 94596-7230",,,,,
009,,,,,,,1744 Carmel Dr Apt 305,Walnut Creek,CA,94596,4242,94596-4242,6/18/2021,37.902347,-122.057532, ,Carmel Dr,"1744 Carmel Dr Apt 305, Walnut Creek, CA 94596-4242",,,,,
009,,,,,,,1744 Carmel Dr Apt 306,Walnut Creek,CA,94596,4204,94596-4204,6/18/2021,37.902347,-122.057532, ,Carmel Dr,"1744 Carmel Dr Apt 306, Walnut Creek, CA 94596-4204",,,,,
009,Ms,Destiny,,Vaughn,,,1744 Carmel Dr Apt 307,Walnut Creek,CA,94596,4204,94596-4204,6/18/2021,37.902347,-122.057532,Destiny Vaughn,Carmel Dr,"1744 Carmel Dr Apt 307, Walnut Creek, CA 94596-4204",,,,,
009,,,,,,,1744 Carmel Dr Apt 308,Walnut Creek,CA,94596,4204,94596-4204,6/18/2021,37.902347,-122.057532, ,Carmel Dr,"1744 Carmel Dr Apt 308, Walnut Creek, CA 94596-4204",,,,,
009,Ms,Alicyn,B,Whitley,,,1744 Carmel Dr Apt 309,Walnut Creek,CA,94596,4204,94596-4204,6/18/2021,37.902347,-122.057532,Alicyn B Whitley,Carmel Dr,"1744 Carmel Dr Apt 309, Walnut Creek, CA 94596-4204",,,,,
009,Ms,Jenifer,,Wang,,,1744 Carmel Dr Apt 310,Walnut Creek,CA,94596,4204,94596-4204,6/18/2021,37.902347,-122.057532,Jenifer Wang,Carmel Dr,"1744 Carmel Dr Apt 310, Walnut Creek, CA 94596-4204",,,,,
009,Ms,Rosanna,,Marino,,,1744 Carmel Dr Apt 311,Walnut Creek,CA,94596,4236,94596-4236,6/18/2021,37.902347,-122.057532,Rosanna Marino,Carmel Dr,"1744 Carmel Dr Apt 311, Walnut Creek, CA 94596-4236",,,,,
009,Mr,Al,,Pavani,,,1744 Carmel Dr Apt 312,Walnut Creek,CA,94596,4236,94596-4236,6/18/2021,37.902347,-122.057532,Al Pavani,Carmel Dr,"1744 Carmel Dr Apt 312, Walnut Creek, CA 94596-4236",,,,,
009,,,,,,,1744 Carmel Dr Apt 313,Walnut Creek,CA,94596,4236,94596-4236,6/18/2021,37.902347,-122.057532, ,Carmel Dr,"1744 Carmel Dr Apt 313, Walnut Creek, CA 94596-4236",,,,,
009,,,,,,,1744 Carmel Dr Apt 314,Walnut Creek,CA,94596,4236,94596-4236,6/18/2021,37.902347,-122.057532, ,Carmel Dr,"1744 Carmel Dr Apt 314, Walnut Creek, CA 94596-4236",,,,,
009,,,,,,,1756 Carmel Dr Apt 101,Walnut Creek,CA,94596,4207,94596-4207,6/18/2021,37.902563,-122.057175, ,Carmel Dr,"1756 Carmel Dr Apt 101, Walnut Creek, CA 94596-4207",,,,,
009,Mr,Gregory,,Sloditskie,,,1756 Carmel Dr Apt 102,Walnut Creek,CA,94596,4207,94596-4207,6/18/2021,37.902563,-122.057175,Gregory Sloditskie,Carmel Dr,"1756 Carmel Dr Apt 102, Walnut Creek, CA 94596-4207",,,,,
009,Ms,Dolly,,Sommer,,,1756 Carmel Dr Apt 103,Walnut Creek,CA,94596,4207,94596-4207,6/18/2021,37.902563,-122.057175,Dolly Sommer,Carmel Dr,"1756 Carmel Dr Apt 103, Walnut Creek, CA 94596-4207",,,,,
009,Mr,Daniel,,Vargas,,,1756 Carmel Dr Apt 104,Walnut Creek,CA,94596,4207,94596-4207,6/18/2021,37.902563,-122.057175,Daniel Vargas,Carmel Dr,"1756 Carmel Dr Apt 104, Walnut Creek, CA 94596-4207",,,,,
009,,,,,,,1756 Carmel Dr Apt 105,Walnut Creek,CA,94596,4207,94596-4207,6/18/2021,37.902563,-122.057175, ,Carmel Dr,"1756 Carmel Dr Apt 105, Walnut Creek, CA 94596-4207",,,,,
009,,,,,,,1756 Carmel Dr Apt 106,Walnut Creek,CA,94596,4207,94596-4207,6/18/2021,37.902563,-122.057175, ,Carmel Dr,"1756 Carmel Dr Apt 106, Walnut Creek, CA 94596-4207",,,,,
009,Ms,Mieko,S,Kratzer,,,1756 Carmel Dr Apt 107,Walnut Creek,CA,94596,4209,94596-4209,6/18/2021,37.902563,-122.057175,Mieko S Kratzer,Carmel Dr,"1756 Carmel Dr Apt 107, Walnut Creek, CA 94596-4209",,,,,
009,Mr,Ej,J,Nikolov,,,1756 Carmel Dr Apt 108,Walnut Creek,CA,94596,4209,94596-4209,6/18/2021,37.902563,-122.057175,Ej J Nikolov,Carmel Dr,"1756 Carmel Dr Apt 108, Walnut Creek, CA 94596-4209",,,,,
009,Ms,Michelle,J,Galindo,,,1756 Carmel Dr Apt 109,Walnut Creek,CA,94596,4209,94596-4209,6/18/2021,37.902563,-122.057175,Michelle J Galindo,Carmel Dr,"1756 Carmel Dr Apt 109, Walnut Creek, CA 94596-4209",,,,,
009,,,,,,,1756 Carmel Dr Apt 110,Walnut Creek,CA,94596,4209,94596-4209,6/18/2021,37.902563,-122.057175, ,Carmel Dr,"1756 Carmel Dr Apt 110, Walnut Creek, CA 94596-4209",,,,,
009,,,,,,,1756 Carmel Dr Apt 111,Walnut Creek,CA,94596,7278,94596-7278,6/18/2021,37.902563,-122.057175, ,Carmel Dr,"1756 Carmel Dr Apt 111, Walnut Creek, CA 94596-7278",,,,,
009,Mr,Daniel,,Pay,,,1756 Carmel Dr Apt 112,Walnut Creek,CA,94596,7278,94596-7278,6/18/2021,37.902563,-122.057175,Daniel Pay,Carmel Dr,"1756 Carmel Dr Apt 112, Walnut Creek, CA 94596-7278",,,,,
009,Ms,Cary,,Wolcott,,,1756 Carmel Dr Apt 113,Walnut Creek,CA,94596,7278,94596-7278,6/18/2021,37.902563,-122.057175,Cary Wolcott,Carmel Dr,"1756 Carmel Dr Apt 113, Walnut Creek, CA 94596-7278",,,,,
009,,,,,,,1756 Carmel Dr Apt 114,Walnut Creek,CA,94596,7278,94596-7278,6/18/2021,37.902563,-122.057175, ,Carmel Dr,"1756 Carmel Dr Apt 114, Walnut Creek, CA 94596-7278",,,,,
009,Mr,Eduardo,N,Coxca,,,1756 Carmel Dr Apt 115,Walnut Creek,CA,94596,4206,94596-4206,6/18/2021,37.902563,-122.057175,Eduardo N Coxca,Carmel Dr,"1756 Carmel Dr Apt 115, Walnut Creek, CA 94596-4206",,,,,
009,Mr,Quincy,,Carroll,,,1756 Carmel Dr Apt 116,Walnut Creek,CA,94596,4206,94596-4206,6/18/2021,37.902563,-122.057175,Quincy Carroll,Carmel Dr,"1756 Carmel Dr Apt 116, Walnut Creek, CA 94596-4206",,,,,
009,Ms,Veselina,,Dorado,,,1756 Carmel Dr Apt 117,Walnut Creek,CA,94596,4206,94596-4206,6/18/2021,37.902563,-122.057175,Veselina Dorado,Carmel Dr,"1756 Carmel Dr Apt 117, Walnut Creek, CA 94596-4206",,,,,
009,,,,,,,1756 Carmel Dr Apt 118,Walnut Creek,CA,94596,4206,94596-4206,6/18/2021,37.902563,-122.057175, ,Carmel Dr,"1756 Carmel Dr Apt 118, Walnut Creek, CA 94596-4206",,,,,
009,Ms,Allison,,Bianchi,,,1756 Carmel Dr Apt 119,Walnut Creek,CA,94596,4206,94596-4206,6/18/2021,37.902563,-122.057175,Allison Bianchi,Carmel Dr,"1756 Carmel Dr Apt 119, Walnut Creek, CA 94596-4206",,,,,
009,,,,,,,1756 Carmel Dr Apt 120,Walnut Creek,CA,94596,4206,94596-4206,6/18/2021,37.902563,-122.057175, ,Carmel Dr,"1756 Carmel Dr Apt 120, Walnut Creek, CA 94596-4206",,,,,
009,Ms,Suzanne,,Fee,,,1756 Carmel Dr Apt 121,Walnut Creek,CA,94596,4208,94596-4208,6/18/2021,37.902563,-122.057175,Suzanne Fee,Carmel Dr,"1756 Carmel Dr Apt 121, Walnut Creek, CA 94596-4208",,,,,
009,Mr,Enrico,H,Banson,,,1756 Carmel Dr Apt 122,Walnut Creek,CA,94596,4208,94596-4208,6/18/2021,37.902563,-122.057175,Enrico H Banson,Carmel Dr,"1756 Carmel Dr Apt 122, Walnut Creek, CA 94596-4208",,,,,
009,,,,,,,1756 Carmel Dr Apt 123,Walnut Creek,CA,94596,4208,94596-4208,6/18/2021,37.902563,-122.057175, ,Carmel Dr,"1756 Carmel Dr Apt 123, Walnut Creek, CA 94596-4208",,,,,
009,Mr,Matthew,,Martin,,,1756 Carmel Dr Apt 124,Walnut Creek,CA,94596,4237,94596-4237,6/18/2021,37.902563,-122.057175,Matthew Martin,Carmel Dr,"1756 Carmel Dr Apt 124, Walnut Creek, CA 94596-4237",,,,,
009,Mr,James,L,Parente,,,1756 Carmel Dr Apt 125,Walnut Creek,CA,94596,4237,94596-4237,6/18/2021,37.902563,-122.057175,James L Parente,Carmel Dr,"1756 Carmel Dr Apt 125, Walnut Creek, CA 94596-4237",,,,,
009,,,,,,,1756 Carmel Dr Apt 126,Walnut Creek,CA,94596,4237,94596-4237,6/18/2021,37.902563,-122.057175, ,Carmel Dr,"1756 Carmel Dr Apt 126, Walnut Creek, CA 94596-4237",,,,,
009,,,,,,,1756 Carmel Dr Apt 127,Walnut Creek,CA,94596,4237,94596-4237,6/18/2021,37.902563,-122.057175, ,Carmel Dr,"1756 Carmel Dr Apt 127, Walnut Creek, CA 94596-4237",,,,,
009,Mr,Eric,,Bright,,,1756 Carmel Dr Apt 201,Walnut Creek,CA,94596,4207,94596-4207,6/18/2021,37.902563,-122.057175,Eric Bright,Carmel Dr,"1756 Carmel Dr Apt 201, Walnut Creek, CA 94596-4207",,,,,
009,Ms,Vicki,,Thompson,,,1756 Carmel Dr Apt 202,Walnut Creek,CA,94596,4287,94596-4287,6/18/2021,37.902563,-122.057175,Vicki Thompson,Carmel Dr,"1756 Carmel Dr Apt 202, Walnut Creek, CA 94596-4287",,,,,
009,Mr,Scott,,Watts,,,1756 Carmel Dr Apt 203,Walnut Creek,CA,94596,4287,94596-4287,6/18/2021,37.902563,-122.057175,Scott Watts,Carmel Dr,"1756 Carmel Dr Apt 203, Walnut Creek, CA 94596-4287",,,,,
009,Mr,Kenneth,,Howland,,,1756 Carmel Dr Apt 204,Walnut Creek,CA,94596,4287,94596-4287,6/18/2021,37.902563,-122.057175,Kenneth Howland,Carmel Dr,"1756 Carmel Dr Apt 204, Walnut Creek, CA 94596-4287",,,,,
009,,,,,,,1756 Carmel Dr Apt 205,Walnut Creek,CA,94596,4287,94596-4287,6/18/2021,37.902563,-122.057175, ,Carmel Dr,"1756 Carmel Dr Apt 205, Walnut Creek, CA 94596-4287",,,,,
009,,Taylor,,Mulholland,,,1756 Carmel Dr Apt 206,Walnut Creek,CA,94596,4287,94596-4287,6/18/2021,37.902563,-122.057175,Taylor Mulholland,Carmel Dr,"1756 Carmel Dr Apt 206, Walnut Creek, CA 94596-4287",,,,,
009,,,,,,,1756 Carmel Dr Apt 208,Walnut Creek,CA,94596,7215,94596-7215,6/18/2021,37.902563,-122.057175, ,Carmel Dr,"1756 Carmel Dr Apt 208, Walnut Creek, CA 94596-7215",,,,,
009,,,,,,,1756 Carmel Dr Apt 209,Walnut Creek,CA,94596,7215,94596-7215,6/18/2021,37.902563,-122.057175, ,Carmel Dr,"1756 Carmel Dr Apt 209, Walnut Creek, CA 94596-7215",,,,,
009,,,,,,,1756 Carmel Dr Apt 210,Walnut Creek,CA,94596,7215,94596-7215,6/18/2021,37.902563,-122.057175, ,Carmel Dr,"1756 Carmel Dr Apt 210, Walnut Creek, CA 94596-7215",,,,,
009,Ms,Adrianne,,Strehl,,,1756 Carmel Dr Apt 211,Walnut Creek,CA,94596,7215,94596-7215,6/18/2021,37.902563,-122.057175,Adrianne Strehl,Carmel Dr,"1756 Carmel Dr Apt 211, Walnut Creek, CA 94596-7215",,,,,
009,,,,,,,1756 Carmel Dr Apt 212,Walnut Creek,CA,94596,7279,94596-7279,6/18/2021,37.902563,-122.057175, ,Carmel Dr,"1756 Carmel Dr Apt 212, Walnut Creek, CA 94596-7279",,,,,
009,Ms,Elizabeth,,Martin,,,1756 Carmel Dr Apt 213,Walnut Creek,CA,94596,7279,94596-7279,6/18/2021,37.902563,-122.057175,Elizabeth Martin,Carmel Dr,"1756 Carmel Dr Apt 213, Walnut Creek, CA 94596-7279",,,,,
009,Ms,Deanna,,Medford,,,1756 Carmel Dr Apt 214,Walnut Creek,CA,94596,7279,94596-7279,6/18/2021,37.902563,-122.057175,Deanna Medford,Carmel Dr,"1756 Carmel Dr Apt 214, Walnut Creek, CA 94596-7279",,,,,
009,,,,,,,1756 Carmel Dr Apt 215,Walnut Creek,CA,94596,4206,94596-4206,6/18/2021,37.902563,-122.057175, ,Carmel Dr,"1756 Carmel Dr Apt 215, Walnut Creek, CA 94596-4206",,,,,
009,Mr,Michael,,Griffith,,,1756 Carmel Dr Apt 216,Walnut Creek,CA,94596,7216,94596-7216,6/18/2021,37.902563,-122.057175,Michael Griffith,Carmel Dr,"1756 Carmel Dr Apt 216, Walnut Creek, CA 94596-7216",,,,,
009,Mr,Gregory,R,Luna,,,1756 Carmel Dr Apt 217,Walnut Creek,CA,94596,7216,94596-7216,6/18/2021,37.902563,-122.057175,Gregory R Luna,Carmel Dr,"1756 Carmel Dr Apt 217, Walnut Creek, CA 94596-7216",,,,,
009,Mr,James,A,Lyding,,,1756 Carmel Dr Apt 218,Walnut Creek,CA,94596,7216,94596-7216,6/18/2021,37.902563,-122.057175,James A Lyding,Carmel Dr,"1756 Carmel Dr Apt 218, Walnut Creek, CA 94596-7216",,,,,
009,,,,,,,1756 Carmel Dr Apt 219,Walnut Creek,CA,94596,7216,94596-7216,6/18/2021,37.902563,-122.057175, ,Carmel Dr,"1756 Carmel Dr Apt 219, Walnut Creek, CA 94596-7216",,,,,
009,,,,,,,1756 Carmel Dr Apt 220,Walnut Creek,CA,94596,7216,94596-7216,6/18/2021,37.902563,-122.057175, ,Carmel Dr,"1756 Carmel Dr Apt 220, Walnut Creek, CA 94596-7216",,,,,
009,,,,,,,1756 Carmel Dr Apt 221,Walnut Creek,CA,94596,7276,94596-7276,6/18/2021,37.902563,-122.057175, ,Carmel Dr,"1756 Carmel Dr Apt 221, Walnut Creek, CA 94596-7276",,,,,
009,Ms,Lillian,,Vlach,,,1756 Carmel Dr Apt 222,Walnut Creek,CA,94596,7276,94596-7276,6/18/2021,37.902563,-122.057175,Lillian Vlach,Carmel Dr,"1756 Carmel Dr Apt 222, Walnut Creek, CA 94596-7276",,,,,
009,,,,,,,1756 Carmel Dr Apt 223,Walnut Creek,CA,94596,7276,94596-7276,6/18/2021,37.902563,-122.057175, ,Carmel Dr,"1756 Carmel Dr Apt 223, Walnut Creek, CA 94596-7276",,,,,
009,,,,,,,1756 Carmel Dr Apt 224,Walnut Creek,CA,94596,7276,94596-7276,6/18/2021,37.902563,-122.057175, ,Carmel Dr,"1756 Carmel Dr Apt 224, Walnut Creek, CA 94596-7276",,,,,
009,,,,,,,1756 Carmel Dr Apt 225,Walnut Creek,CA,94596,7276,94596-7276,6/18/2021,37.902563,-122.057175, ,Carmel Dr,"1756 Carmel Dr Apt 225, Walnut Creek, CA 94596-7276",,,,,
009,Mr,Vikas,,Tandan,,,1756 Carmel Dr Apt 226,Walnut Creek,CA,94596,7277,94596-7277,6/18/2021,37.902563,-122.057175,Vikas Tandan,Carmel Dr,"1756 Carmel Dr Apt 226, Walnut Creek, CA 94596-7277",,,,,
009,,,,,,,1756 Carmel Dr Apt 227,Walnut Creek,CA,94596,7277,94596-7277,6/18/2021,37.902563,-122.057175, ,Carmel Dr,"1756 Carmel Dr Apt 227, Walnut Creek, CA 94596-7277",,,,,
009,Ms,Jennifer,R,Citterio,,,1756 Carmel Dr Apt 228,Walnut Creek,CA,94596,4237,94596-4237,6/18/2021,37.902563,-122.057175,Jennifer R Citterio,Carmel Dr,"1756 Carmel Dr Apt 228, Walnut Creek, CA 94596-4237",,,,,
009,,,,,,,1756 Carmel Dr Apt 229,Walnut Creek,CA,94596,4205,94596-4205,6/18/2021,37.902563,-122.057175, ,Carmel Dr,"1756 Carmel Dr Apt 229, Walnut Creek, CA 94596-4205",,,,,
009,Ms,Sarah,,Foster,,,1756 Carmel Dr Apt 230,Walnut Creek,CA,94596,4205,94596-4205,6/18/2021,37.902563,-122.057175,Sarah Foster,Carmel Dr,"1756 Carmel Dr Apt 230, Walnut Creek, CA 94596-4205",,,,,
009,,,,,,,1756 Carmel Dr Apt 231,Walnut Creek,CA,94596,4205,94596-4205,6/18/2021,37.902563,-122.057175, ,Carmel Dr,"1756 Carmel Dr Apt 231, Walnut Creek, CA 94596-4205",,,,,
009,,Evodya,,Saroha,,,1756 Carmel Dr Apt 232,Walnut Creek,CA,94596,4205,94596-4205,6/18/2021,37.902563,-122.057175,Evodya Saroha,Carmel Dr,"1756 Carmel Dr Apt 232, Walnut Creek, CA 94596-4205",,,,,
009,,,,,,,1756 Carmel Dr Apt 233,Walnut Creek,CA,94596,4205,94596-4205,6/18/2021,37.902563,-122.057175, ,Carmel Dr,"1756 Carmel Dr Apt 233, Walnut Creek, CA 94596-4205",,,,,
009,Ms,Sashi,,Arrpyathilaka,,,1756 Carmel Dr Apt 234,Walnut Creek,CA,94596,4205,94596-4205,6/18/2021,37.902563,-122.057175,Sashi Arrpyathilaka,Carmel Dr,"1756 Carmel Dr Apt 234, Walnut Creek, CA 94596-4205",,,,,
009,Ms,Joan,G,Everson,,,1756 Carmel Dr Apt 235,Walnut Creek,CA,94596,7280,94596-7280,6/18/2021,37.902563,-122.057175,Joan G Everson,Carmel Dr,"1756 Carmel Dr Apt 235, Walnut Creek, CA 94596-7280",,,,,
009,Mr,Daniel,C,Barstad,,,1756 Carmel Dr Apt 301,Walnut Creek,CA,94596,7277,94596-7277,6/18/2021,37.902563,-122.057175,Daniel C Barstad,Carmel Dr,"1756 Carmel Dr Apt 301, Walnut Creek, CA 94596-7277",,,,,
009,Mr,Pearce,,Jordan,,,1756 Carmel Dr Apt 302,Walnut Creek,CA,94596,7277,94596-7277,6/18/2021,37.902563,-122.057175,Pearce Jordan,Carmel Dr,"1756 Carmel Dr Apt 302, Walnut Creek, CA 94596-7277",,,,,
009,Ms,Chyane,,Chituras,,,1756 Carmel Dr Apt 303,Walnut Creek,CA,94596,7217,94596-7217,6/18/2021,37.902563,-122.057175,Chyane Chituras,Carmel Dr,"1756 Carmel Dr Apt 303, Walnut Creek, CA 94596-7217",,,,,
009,,,,,,,1756 Carmel Dr Apt 304,Walnut Creek,CA,94596,7217,94596-7217,6/18/2021,37.902563,-122.057175, ,Carmel Dr,"1756 Carmel Dr Apt 304, Walnut Creek, CA 94596-7217",,,,,
009,Ms,Paige,,Wallace,,,1756 Carmel Dr Apt 305,Walnut Creek,CA,94596,7217,94596-7217,6/18/2021,37.902563,-122.057175,Paige Wallace,Carmel Dr,"1756 Carmel Dr Apt 305, Walnut Creek, CA 94596-7217",,,,,
009,Ms,Vera,,Schwegler,,,1756 Carmel Dr Apt 306,Walnut Creek,CA,94596,7217,94596-7217,6/18/2021,37.902563,-122.057175,Vera Schwegler,Carmel Dr,"1756 Carmel Dr Apt 306, Walnut Creek, CA 94596-7217",,,,,
009,,Ilya,,Anfimov,,,1756 Carmel Dr Apt 307,Walnut Creek,CA,94596,7217,94596-7217,6/18/2021,37.902563,-122.057175,Ilya Anfimov,Carmel Dr,"1756 Carmel Dr Apt 307, Walnut Creek, CA 94596-7217",,,,,
009,,,,,,,1756 Carmel Dr Apt 308,Walnut Creek,CA,94596,7280,94596-7280,6/18/2021,37.902563,-122.057175, ,Carmel Dr,"1756 Carmel Dr Apt 308, Walnut Creek, CA 94596-7280",,,,,
009,Mr,Kevin,,Greenland,,,1756 Carmel Dr Apt 309,Walnut Creek,CA,94596,7280,94596-7280,6/18/2021,37.902563,-122.057175,Kevin Greenland,Carmel Dr,"1756 Carmel Dr Apt 309, Walnut Creek, CA 94596-7280",,,,,
009,Ms,Mary,,Skidgel,,,1756 Carmel Dr Apt 310,Walnut Creek,CA,94596,7280,94596-7280,6/18/2021,37.902563,-122.057175,Mary Skidgel,Carmel Dr,"1756 Carmel Dr Apt 310, Walnut Creek, CA 94596-7280",,,,,
009,Ms,Karyn,,Bosco,,,1756 Carmel Dr Apt 311,Walnut Creek,CA,94596,7280,94596-7280,6/18/2021,37.902563,-122.057175,Karyn Bosco,Carmel Dr,"1756 Carmel Dr Apt 311, Walnut Creek, CA 94596-7280",,,,,
009,,,,,,,1756 Carmel Dr Apt 312,Walnut Creek,CA,94596,7281,94596-7281,6/18/2021,37.902563,-122.057175, ,Carmel Dr,"1756 Carmel Dr Apt 312, Walnut Creek, CA 94596-7281",,,,,
009,,,,,,,1756 Carmel Dr Apt 313,Walnut Creek,CA,94596,7281,94596-7281,6/18/2021,37.902563,-122.057175, ,Carmel Dr,"1756 Carmel Dr Apt 313, Walnut Creek, CA 94596-7281",,,,,
009,Ms,Lauren,,Soltesz,,,1756 Carmel Dr Apt 314,Walnut Creek,CA,94596,7281,94596-7281,6/18/2021,37.902563,-122.057175,Lauren Soltesz,Carmel Dr,"1756 Carmel Dr Apt 314, Walnut Creek, CA 94596-7281",,,,,
009,,,,,,,1756 Carmel Dr Apt 315,Walnut Creek,CA,94596,7281,94596-7281,6/18/2021,37.902563,-122.057175, ,Carmel Dr,"1756 Carmel Dr Apt 315, Walnut Creek, CA 94596-7281",,,,,
009,Ms,Alicia,R,Sandiford,,,1761 Carmel Dr Apt 101,Walnut Creek,CA,94596,4276,94596-4276,6/18/2021,37.902963,-122.058307,Alicia R Sandiford,Carmel Dr,"1761 Carmel Dr Apt 101, Walnut Creek, CA 94596-4276",,,,,
009,Mr,Thomas,,Hyman,,,1761 Carmel Dr Apt 102,Walnut Creek,CA,94596,4276,94596-4276,6/18/2021,37.902963,-122.058307,Thomas Hyman,Carmel Dr,"1761 Carmel Dr Apt 102, Walnut Creek, CA 94596-4276",,,,,
009,,,,,,,1761 Carmel Dr Apt 103,Walnut Creek,CA,94596,4276,94596-4276,6/18/2021,37.902963,-122.058307, ,Carmel Dr,"1761 Carmel Dr Apt 103, Walnut Creek, CA 94596-4276",,,,,
009,Ms,Laura,E,Begin,,,1761 Carmel Dr Apt 104,Walnut Creek,CA,94596,4276,94596-4276,6/18/2021,37.902963,-122.058307,Laura E Begin,Carmel Dr,"1761 Carmel Dr Apt 104, Walnut Creek, CA 94596-4276",,,,,
009,Ms,Samantha,A,Caygill,,,1761 Carmel Dr Apt 105,Walnut Creek,CA,94596,4276,94596-4276,6/18/2021,37.902963,-122.058307,Samantha A Caygill,Carmel Dr,"1761 Carmel Dr Apt 105, Walnut Creek, CA 94596-4276",,,,,
009,Ms,Yvette,M,Guy,,,1761 Carmel Dr Apt 106,Walnut Creek,CA,94596,4276,94596-4276,6/18/2021,37.902963,-122.058307,Yvette M Guy,Carmel Dr,"1761 Carmel Dr Apt 106, Walnut Creek, CA 94596-4276",,,,,
009,Ms,Cheryl,,Van Arsdale,,,1761 Carmel Dr Apt 107,Walnut Creek,CA,94596,4276,94596-4276,6/18/2021,37.902963,-122.058307,Cheryl Van Arsdale,Carmel Dr,"1761 Carmel Dr Apt 107, Walnut Creek, CA 94596-4276",,,,,
009,Mr,Joseph,A,Dintino,,,1761 Carmel Dr Apt 201,Walnut Creek,CA,94596,4277,94596-4277,6/18/2021,37.902963,-122.058307,Joseph A Dintino,Carmel Dr,"1761 Carmel Dr Apt 201, Walnut Creek, CA 94596-4277",,,,,
009,Ms,Stephanie,C,Pfister,,,1761 Carmel Dr Apt 202,Walnut Creek,CA,94596,4277,94596-4277,6/18/2021,37.902963,-122.058307,Stephanie C Pfister,Carmel Dr,"1761 Carmel Dr Apt 202, Walnut Creek, CA 94596-4277",,,,,
009,Mr,William,G,Rice,Jr,,1761 Carmel Dr Apt 203,Walnut Creek,CA,94596,4277,94596-4277,6/18/2021,37.902963,-122.058307,William G Rice,Carmel Dr,"1761 Carmel Dr Apt 203, Walnut Creek, CA 94596-4277",,,,,
009,Mr,Gregory,J,Altzman,,,1761 Carmel Dr Apt 204,Walnut Creek,CA,94596,4277,94596-4277,6/18/2021,37.902963,-122.058307,Gregory J Altzman,Carmel Dr,"1761 Carmel Dr Apt 204, Walnut Creek, CA 94596-4277",,,,,
009,Ms,Joyce,L,Perkins,,,1761 Carmel Dr Apt 205,Walnut Creek,CA,94596,4277,94596-4277,6/18/2021,37.902963,-122.058307,Joyce L Perkins,Carmel Dr,"1761 Carmel Dr Apt 205, Walnut Creek, CA 94596-4277",,,,,
009,Ms,Caridad,,Diaz,,,1761 Carmel Dr Apt 206,Walnut Creek,CA,94596,4278,94596-4278,6/18/2021,37.902963,-122.058307,Caridad Diaz,Carmel Dr,"1761 Carmel Dr Apt 206, Walnut Creek, CA 94596-4278",,,,,
009,,,,,,,1761 Carmel Dr Apt 207,Walnut Creek,CA,94596,4278,94596-4278,6/18/2021,37.902963,-122.058307, ,Carmel Dr,"1761 Carmel Dr Apt 207, Walnut Creek, CA 94596-4278",,,,,
009,Ms,Kendra,R,Randall,,,1761 Carmel Dr Apt 208,Walnut Creek,CA,94596,4278,94596-4278,6/18/2021,37.902963,-122.058307,Kendra R Randall,Carmel Dr,"1761 Carmel Dr Apt 208, Walnut Creek, CA 94596-4278",,,,,
009,Ms,Cassandra,M,Spittler,,,1761 Carmel Dr Apt 209,Walnut Creek,CA,94596,4278,94596-4278,6/18/2021,37.902963,-122.058307,Cassandra M Spittler,Carmel Dr,"1761 Carmel Dr Apt 209, Walnut Creek, CA 94596-4278",,,,,
009,,,,,,,1770 Carmel Dr Ofc ,Walnut Creek,CA,94596,4255,94596-4255,6/18/2021,37.902971,-122.057208, ,Carmel Dr,"1770 Carmel Dr Ofc , Walnut Creek, CA 94596-4255",,,,,
009,Mr,Timothy,,Callaway,,,1770 Carmel Dr Apt 100,Walnut Creek,CA,94596,4243,94596-4243,6/18/2021,37.902971,-122.057208,Timothy Callaway,Carmel Dr,"1770 Carmel Dr Apt 100, Walnut Creek, CA 94596-4243",,,,,
009,Ms,Zaida,D,Nieves,,,1770 Carmel Dr Apt 101,Walnut Creek,CA,94596,4243,94596-4243,6/18/2021,37.902971,-122.057208,Zaida D Nieves,Carmel Dr,"1770 Carmel Dr Apt 101, Walnut Creek, CA 94596-4243",,,,,
009,Ms,Tamara,,Mamikomyam,,,1770 Carmel Dr Apt 102,Walnut Creek,CA,94596,4243,94596-4243,6/18/2021,37.902971,-122.057208,Tamara Mamikomyam,Carmel Dr,"1770 Carmel Dr Apt 102, Walnut Creek, CA 94596-4243",,,,,
009,Mr,Geoffrey,,Newcomb,,,1770 Carmel Dr Apt 103,Walnut Creek,CA,94596,4243,94596-4243,6/18/2021,37.902971,-122.057208,Geoffrey Newcomb,Carmel Dr,"1770 Carmel Dr Apt 103, Walnut Creek, CA 94596-4243",,,,,
009,Mr,Mikhail,G,Erlekhman,,,1770 Carmel Dr Apt 104,Walnut Creek,CA,94596,4243,94596-4243,6/18/2021,37.902971,-122.057208,Mikhail G Erlekhman,Carmel Dr,"1770 Carmel Dr Apt 104, Walnut Creek, CA 94596-4243",,,,,
009,Ms,Helen,E,Robinson,,,1770 Carmel Dr Apt 105,Walnut Creek,CA,94596,4243,94596-4243,6/18/2021,37.902971,-122.057208,Helen E Robinson,Carmel Dr,"1770 Carmel Dr Apt 105, Walnut Creek, CA 94596-4243",,,,,
009,,,,,,,1770 Carmel Dr Apt 106,Walnut Creek,CA,94596,4243,94596-4243,6/18/2021,37.902971,-122.057208, ,Carmel Dr,"1770 Carmel Dr Apt 106, Walnut Creek, CA 94596-4243",,,,,
009,Mr,Ardeshir,,Minaie,,,1770 Carmel Dr Apt 107,Walnut Creek,CA,94596,4235,94596-4235,6/18/2021,37.902971,-122.057208,Ardeshir Minaie,Carmel Dr,"1770 Carmel Dr Apt 107, Walnut Creek, CA 94596-4235",,,,,
009,Ms,Vikki,K,Hotopp,,,1770 Carmel Dr Apt 108,Walnut Creek,CA,94596,4235,94596-4235,6/18/2021,37.902971,-122.057208,Vikki K Hotopp,Carmel Dr,"1770 Carmel Dr Apt 108, Walnut Creek, CA 94596-4235",,,,,
009,,,,,,,1770 Carmel Dr Apt 109,Walnut Creek,CA,94596,4235,94596-4235,6/18/2021,37.902971,-122.057208, ,Carmel Dr,"1770 Carmel Dr Apt 109, Walnut Creek, CA 94596-4235",,,,,
009,,,,,,,1770 Carmel Dr Apt 110,Walnut Creek,CA,94596,4235,94596-4235,6/18/2021,37.902971,-122.057208, ,Carmel Dr,"1770 Carmel Dr Apt 110, Walnut Creek, CA 94596-4235",,,,,
009,Ms,Ruth,C,Tallury,,,1770 Carmel Dr Apt 111,Walnut Creek,CA,94596,4235,94596-4235,6/18/2021,37.902971,-122.057208,Ruth C Tallury,Carmel Dr,"1770 Carmel Dr Apt 111, Walnut Creek, CA 94596-4235",,,,,
009,Ms,Jean,C,Saleha,,,1770 Carmel Dr Apt 112,Walnut Creek,CA,94596,4235,94596-4235,6/18/2021,37.902971,-122.057208,Jean C Saleha,Carmel Dr,"1770 Carmel Dr Apt 112, Walnut Creek, CA 94596-4235",,,,,
009,,Jackie,,Kanamu,,,1770 Carmel Dr Apt 113,Walnut Creek,CA,94596,7282,94596-7282,6/18/2021,37.902971,-122.057208,Jackie Kanamu,Carmel Dr,"1770 Carmel Dr Apt 113, Walnut Creek, CA 94596-7282",,,,,
009,Mr,Dorr,R,Dawson,,,1770 Carmel Dr Apt 114,Walnut Creek,CA,94596,7282,94596-7282,6/18/2021,37.902971,-122.057208,Dorr R Dawson,Carmel Dr,"1770 Carmel Dr Apt 114, Walnut Creek, CA 94596-7282",,,,,
009,Ms,Erica,,Thompson,,,1770 Carmel Dr Apt 115,Walnut Creek,CA,94596,7282,94596-7282,6/18/2021,37.902971,-122.057208,Erica Thompson,Carmel Dr,"1770 Carmel Dr Apt 115, Walnut Creek, CA 94596-7282",,,,,
009,,,,,,,1770 Carmel Dr Apt 200,Walnut Creek,CA,94596,4244,94596-4244,6/18/2021,37.902971,-122.057208, ,Carmel Dr,"1770 Carmel Dr Apt 200, Walnut Creek, CA 94596-4244",,,,,
009,Ms,Lucy,R,Ramsey,,,1770 Carmel Dr Apt 201,Walnut Creek,CA,94596,4244,94596-4244,6/18/2021,37.902971,-122.057208,Lucy R Ramsey,Carmel Dr,"1770 Carmel Dr Apt 201, Walnut Creek, CA 94596-4244",,,,,
009,Ms,Vicki,D,Sauer,,,1770 Carmel Dr Apt 202,Walnut Creek,CA,94596,4244,94596-4244,6/18/2021,37.902971,-122.057208,Vicki D Sauer,Carmel Dr,"1770 Carmel Dr Apt 202, Walnut Creek, CA 94596-4244",,,,,
009,Mr,Gary,,Lons,,,1770 Carmel Dr Apt 203,Walnut Creek,CA,94596,4244,94596-4244,6/18/2021,37.902971,-122.057208,Gary Lons,Carmel Dr,"1770 Carmel Dr Apt 203, Walnut Creek, CA 94596-4244",,,,,
009,,,,,,,1770 Carmel Dr Apt 204,Walnut Creek,CA,94596,4244,94596-4244,6/18/2021,37.902971,-122.057208, ,Carmel Dr,"1770 Carmel Dr Apt 204, Walnut Creek, CA 94596-4244",,,,,
009,Ms,Helen,K,Yagi,,,1770 Carmel Dr Apt 205,Walnut Creek,CA,94596,4244,94596-4244,6/18/2021,37.902971,-122.057208,Helen K Yagi,Carmel Dr,"1770 Carmel Dr Apt 205, Walnut Creek, CA 94596-4244",,,,,
009,Mr,Eddie,C,Icban,,,1770 Carmel Dr Apt 206,Walnut Creek,CA,94596,4244,94596-4244,6/18/2021,37.902971,-122.057208,Eddie C Icban,Carmel Dr,"1770 Carmel Dr Apt 206, Walnut Creek, CA 94596-4244",,,,,
009,Mr,Michael,,Henkel,,,1770 Carmel Dr Apt 207,Walnut Creek,CA,94596,7282,94596-7282,6/18/2021,37.902971,-122.057208,Michael Henkel,Carmel Dr,"1770 Carmel Dr Apt 207, Walnut Creek, CA 94596-7282",,,,,
009,Mr,Donald,,Morey,,,1770 Carmel Dr Apt 208,Walnut Creek,CA,94596,7282,94596-7282,6/18/2021,37.902971,-122.057208,Donald Morey,Carmel Dr,"1770 Carmel Dr Apt 208, Walnut Creek, CA 94596-7282",,,,,
009,Ms,Valentina,,Makovoz,,,1770 Carmel Dr Apt 209,Walnut Creek,CA,94596,7282,94596-7282,6/18/2021,37.902971,-122.057208,Valentina Makovoz,Carmel Dr,"1770 Carmel Dr Apt 209, Walnut Creek, CA 94596-7282",,,,,
009,,,,,,,1770 Carmel Dr Apt 210,Walnut Creek,CA,94596,4210,94596-4210,6/18/2021,37.902971,-122.057208, ,Carmel Dr,"1770 Carmel Dr Apt 210, Walnut Creek, CA 94596-4210",,,,,
009,Ms,Victoria,J,Casillas,,,1770 Carmel Dr Apt 211,Walnut Creek,CA,94596,4210,94596-4210,6/18/2021,37.902971,-122.057208,Victoria J Casillas,Carmel Dr,"1770 Carmel Dr Apt 211, Walnut Creek, CA 94596-4210",,,,,
009,Mr,Kenneth,,Hirsohn,,,1770 Carmel Dr Apt 212,Walnut Creek,CA,94596,4210,94596-4210,6/18/2021,37.902971,-122.057208,Kenneth Hirsohn,Carmel Dr,"1770 Carmel Dr Apt 212, Walnut Creek, CA 94596-4210",,,,,
009,Ms,Virginia,,Neumann,,,1770 Carmel Dr Apt 214,Walnut Creek,CA,94596,4210,94596-4210,6/18/2021,37.902971,-122.057208,Virginia Neumann,Carmel Dr,"1770 Carmel Dr Apt 214, Walnut Creek, CA 94596-4210",,,,,
009,,,,,,,1770 Carmel Dr Apt 215,Walnut Creek,CA,94596,4210,94596-4210,6/18/2021,37.902971,-122.057208, ,Carmel Dr,"1770 Carmel Dr Apt 215, Walnut Creek, CA 94596-4210",,,,,
009,,,,,,,1770 Carmel Dr Apt 216,Walnut Creek,CA,94596,4211,94596-4211,6/18/2021,37.902971,-122.057208, ,Carmel Dr,"1770 Carmel Dr Apt 216, Walnut Creek, CA 94596-4211",,,,,
009,Ms,Barbara,,Brown,,,1770 Carmel Dr Apt 300,Walnut Creek,CA,94596,4234,94596-4234,6/18/2021,37.902971,-122.057208,Barbara Brown,Carmel Dr,"1770 Carmel Dr Apt 300, Walnut Creek, CA 94596-4234",,,,,
009,,,,,,,1770 Carmel Dr Apt 301,Walnut Creek,CA,94596,4234,94596-4234,6/18/2021,37.902971,-122.057208, ,Carmel Dr,"1770 Carmel Dr Apt 301, Walnut Creek, CA 94596-4234",,,,,
009,Ms,Patricia,N,Leidecker,,,1770 Carmel Dr Apt 302,Walnut Creek,CA,94596,4234,94596-4234,6/18/2021,37.902971,-122.057208,Patricia N Leidecker,Carmel Dr,"1770 Carmel Dr Apt 302, Walnut Creek, CA 94596-4234",,,,,
009,,,,,,,1770 Carmel Dr Apt 303,Walnut Creek,CA,94596,4234,94596-4234,6/18/2021,37.902971,-122.057208, ,Carmel Dr,"1770 Carmel Dr Apt 303, Walnut Creek, CA 94596-4234",,,,,
009,,,,,,,1770 Carmel Dr Apt 304,Walnut Creek,CA,94596,4234,94596-4234,6/18/2021,37.902971,-122.057208, ,Carmel Dr,"1770 Carmel Dr Apt 304, Walnut Creek, CA 94596-4234",,,,,
009,,,,,,,1770 Carmel Dr Apt 305,Walnut Creek,CA,94596,4234,94596-4234,6/18/2021,37.902971,-122.057208, ,Carmel Dr,"1770 Carmel Dr Apt 305, Walnut Creek, CA 94596-4234",,,,,
009,Ms,Svetlana,,Senyukova,,,1770 Carmel Dr Apt 306,Walnut Creek,CA,94596,4234,94596-4234,6/18/2021,37.902971,-122.057208,Svetlana Senyukova,Carmel Dr,"1770 Carmel Dr Apt 306, Walnut Creek, CA 94596-4234",,,,,
009,Ms,Carol,D,Whitten,,,1770 Carmel Dr Apt 307,Walnut Creek,CA,94596,4211,94596-4211,6/18/2021,37.902971,-122.057208,Carol D Whitten,Carmel Dr,"1770 Carmel Dr Apt 307, Walnut Creek, CA 94596-4211",,,,,
009,Ms,Gabriela,D,Nicolosi,,,1770 Carmel Dr Apt 308,Walnut Creek,CA,94596,4211,94596-4211,6/18/2021,37.902971,-122.057208,Gabriela D Nicolosi,Carmel Dr,"1770 Carmel Dr Apt 308, Walnut Creek, CA 94596-4211",,,,,
009,Mr,Thomas,J,Brewster,,,1770 Carmel Dr Apt 309,Walnut Creek,CA,94596,4211,94596-4211,6/18/2021,37.902971,-122.057208,Thomas J Brewster,Carmel Dr,"1770 Carmel Dr Apt 309, Walnut Creek, CA 94596-4211",,,,,
009,Mr,Christopher,,Mohr,,,1770 Carmel Dr Apt 310,Walnut Creek,CA,94596,4211,94596-4211,6/18/2021,37.902971,-122.057208,Christopher Mohr,Carmel Dr,"1770 Carmel Dr Apt 310, Walnut Creek, CA 94596-4211",,,,,
009,Ms,Maria,D,Arsedo,,,1770 Carmel Dr Apt 311,Walnut Creek,CA,94596,4211,94596-4211,6/18/2021,37.902971,-122.057208,Maria D Arsedo,Carmel Dr,"1770 Carmel Dr Apt 311, Walnut Creek, CA 94596-4211",,,,,
009,,,,,,,1770 Carmel Dr Apt 312,Walnut Creek,CA,94596,4211,94596-4211,6/18/2021,37.902971,-122.057208, ,Carmel Dr,"1770 Carmel Dr Apt 312, Walnut Creek, CA 94596-4211",,,,,
009,Mr,Jonathan,D,Marsh,,,1770 Carmel Dr Apt 313,Walnut Creek,CA,94596,7283,94596-7283,6/18/2021,37.902971,-122.057208,Jonathan D Marsh,Carmel Dr,"1770 Carmel Dr Apt 313, Walnut Creek, CA 94596-7283",,,,,
009,Ms,Betty,G,Gomes,,,1770 Carmel Dr Apt 314,Walnut Creek,CA,94596,7283,94596-7283,6/18/2021,37.902971,-122.057208,Betty G Gomes,Carmel Dr,"1770 Carmel Dr Apt 314, Walnut Creek, CA 94596-7283",,,,,
009,Ms,Rachel,,Estrella,,,1770 Carmel Dr Apt 315,Walnut Creek,CA,94596,7283,94596-7283,6/18/2021,37.902971,-122.057208,Rachel Estrella,Carmel Dr,"1770 Carmel Dr Apt 315, Walnut Creek, CA 94596-7283",,,,,
009,Mr,Keith,A,Nickolaison,,,1770 Carmel Dr Apt 316,Walnut Creek,CA,94596,7283,94596-7283,6/18/2021,37.902971,-122.057208,Keith A Nickolaison,Carmel Dr,"1770 Carmel Dr Apt 316, Walnut Creek, CA 94596-7283",,,,,
009,,,,,,,1100 Lincoln Ave Apt 1,Walnut Creek,CA,94596,4729,94596-4729,6/18/2021,37.900889,-122.05675, ,Lincoln Ave,"1100 Lincoln Ave Apt 1, Walnut Creek, CA 94596-4729",,,,,
009,,,,,,,1100 Lincoln Ave Apt 2,Walnut Creek,CA,94596,4729,94596-4729,6/18/2021,37.900889,-122.05675, ,Lincoln Ave,"1100 Lincoln Ave Apt 2, Walnut Creek, CA 94596-4729",,,,,
009,,,,,,,1100 Lincoln Ave Apt 3,Walnut Creek,CA,94596,4729,94596-4729,6/18/2021,37.900889,-122.05675, ,Lincoln Ave,"1100 Lincoln Ave Apt 3, Walnut Creek, CA 94596-4729",,,,,
009,Ms,Riki,R,Shiraishi,,,1100 Lincoln Ave Apt 4,Walnut Creek,CA,94596,4729,94596-4729,6/18/2021,37.900889,-122.05675,Riki R Shiraishi,Lincoln Ave,"1100 Lincoln Ave Apt 4, Walnut Creek, CA 94596-4729",,,,,
009,,,,,,,1100 Lincoln Ave Apt 5,Walnut Creek,CA,94596,4729,94596-4729,6/18/2021,37.900889,-122.05675, ,Lincoln Ave,"1100 Lincoln Ave Apt 5, Walnut Creek, CA 94596-4729",,,,,
009,,,,,,,1100 Lincoln Ave Apt 6,Walnut Creek,CA,94596,4729,94596-4729,6/18/2021,37.900889,-122.05675, ,Lincoln Ave,"1100 Lincoln Ave Apt 6, Walnut Creek, CA 94596-4729",,,,,
009,,,,,,,1100 Lincoln Ave Apt 7,Walnut Creek,CA,94596,4729,94596-4729,6/18/2021,37.900889,-122.05675, ,Lincoln Ave,"1100 Lincoln Ave Apt 7, Walnut Creek, CA 94596-4729",,,,,
009,Mr,Patrick,,Grepon,,,1100 Lincoln Ave Apt 8,Walnut Creek,CA,94596,4729,94596-4729,6/18/2021,37.900889,-122.05675,Patrick Grepon,Lincoln Ave,"1100 Lincoln Ave Apt 8, Walnut Creek, CA 94596-4729",,,,,
009,,,,,,,1150 Lincoln Ave Apt 1,Walnut Creek,CA,94596,4794,94596-4794,6/18/2021,37.900855,-122.05731, ,Lincoln Ave,"1150 Lincoln Ave Apt 1, Walnut Creek, CA 94596-4794",,,,,
009,,,,,,,1150 Lincoln Ave Apt 2,Walnut Creek,CA,94596,4794,94596-4794,6/18/2021,37.900855,-122.05731, ,Lincoln Ave,"1150 Lincoln Ave Apt 2, Walnut Creek, CA 94596-4794",,,,,
009,,Jaime,,Farrar,,,1150 Lincoln Ave Apt 3,Walnut Creek,CA,94596,4794,94596-4794,6/18/2021,37.900855,-122.05731,Jaime Farrar,Lincoln Ave,"1150 Lincoln Ave Apt 3, Walnut Creek, CA 94596-4794",,,,,
009,Ms,Breanna,,Ruiter,,,1150 Lincoln Ave Apt 4,Walnut Creek,CA,94596,4794,94596-4794,6/18/2021,37.900855,-122.05731,Breanna Ruiter,Lincoln Ave,"1150 Lincoln Ave Apt 4, Walnut Creek, CA 94596-4794",,,,,
009,Mr,Frederick,S,Perrotta,,,1150 Lincoln Ave Apt 5,Walnut Creek,CA,94596,4724,94596-4724,6/18/2021,37.900855,-122.05731,Frederick S Perrotta,Lincoln Ave,"1150 Lincoln Ave Apt 5, Walnut Creek, CA 94596-4724",,,,,
009,Mr,Bradford,O,Peagler,,,1150 Lincoln Ave Apt 6,Walnut Creek,CA,94596,4724,94596-4724,6/18/2021,37.900855,-122.05731,Bradford O Peagler,Lincoln Ave,"1150 Lincoln Ave Apt 6, Walnut Creek, CA 94596-4724",,,,,
009,Mr,Christopher,,Pais,,,1150 Lincoln Ave Apt 7,Walnut Creek,CA,94596,4724,94596-4724,6/18/2021,37.900855,-122.05731,Christopher Pais,Lincoln Ave,"1150 Lincoln Ave Apt 7, Walnut Creek, CA 94596-4724",,,,,
009,Ms,Paula,L,Sharpe,,,1150 Lincoln Ave Apt 8,Walnut Creek,CA,94596,4724,94596-4724,6/18/2021,37.900855,-122.05731,Paula L Sharpe,Lincoln Ave,"1150 Lincoln Ave Apt 8, Walnut Creek, CA 94596-4724",,,,,
009,Ms,Ronit,A,Dugar,,,1100 Lincoln Ave Apt 10,Walnut Creek,CA,94596,4729,94596-4729,6/18/2021,37.900889,-122.05675,Ronit A Dugar,Lincoln Ave,"1100 Lincoln Ave Apt 10, Walnut Creek, CA 94596-4729",,,,,
009,Mr,Jonathan,D,Seaver,,,1100 Lincoln Ave Apt 11,Walnut Creek,CA,94596,4730,94596-4730,6/18/2021,37.900889,-122.05675,Jonathan D Seaver,Lincoln Ave,"1100 Lincoln Ave Apt 11, Walnut Creek, CA 94596-4730",,,,,
009,,,,,,,1100 Lincoln Ave Apt 12,Walnut Creek,CA,94596,4730,94596-4730,6/18/2021,37.900889,-122.05675, ,Lincoln Ave,"1100 Lincoln Ave Apt 12, Walnut Creek, CA 94596-4730",,,,,
009,,,,,,,1100 Lincoln Ave Apt 13,Walnut Creek,CA,94596,4730,94596-4730,6/18/2021,37.900889,-122.05675, ,Lincoln Ave,"1100 Lincoln Ave Apt 13, Walnut Creek, CA 94596-4730",,,,,
009,Mr,Harper,,Leland,,,1100 Lincoln Ave Apt 14,Walnut Creek,CA,94596,4730,94596-4730,6/18/2021,37.900889,-122.05675,Harper Leland,Lincoln Ave,"1100 Lincoln Ave Apt 14, Walnut Creek, CA 94596-4730",,,,,
009,Ms,Danee,A,Fuller,,,1100 Lincoln Ave Apt 15,Walnut Creek,CA,94596,4730,94596-4730,6/18/2021,37.900889,-122.05675,Danee A Fuller,Lincoln Ave,"1100 Lincoln Ave Apt 15, Walnut Creek, CA 94596-4730",,,,,
009,Mr,Alberto,,Bersabal,,,1100 Lincoln Ave Apt 16,Walnut Creek,CA,94596,4730,94596-4730,6/18/2021,37.900889,-122.05675,Alberto Bersabal,Lincoln Ave,"1100 Lincoln Ave Apt 16, Walnut Creek, CA 94596-4730",,,,,
009,,,,,,,1100 Lincoln Ave Apt 17,Walnut Creek,CA,94596,4730,94596-4730,6/18/2021,37.900889,-122.05675, ,Lincoln Ave,"1100 Lincoln Ave Apt 17, Walnut Creek, CA 94596-4730",,,,,
009,,,,,,,1100 Lincoln Ave Apt 18,Walnut Creek,CA,94596,4730,94596-4730,6/18/2021,37.900889,-122.05675, ,Lincoln Ave,"1100 Lincoln Ave Apt 18, Walnut Creek, CA 94596-4730",,,,,
009,Ms,Susan,,Jeiven,,,1100 Lincoln Ave Apt 19,Walnut Creek,CA,94596,4730,94596-4730,6/18/2021,37.900889,-122.05675,Susan Jeiven,Lincoln Ave,"1100 Lincoln Ave Apt 19, Walnut Creek, CA 94596-4730",,,,,
009,Mr,Jim,,Fogler,,,1100 Lincoln Ave Apt 20,Walnut Creek,CA,94596,4730,94596-4730,6/18/2021,37.900889,-122.05675,Jim Fogler,Lincoln Ave,"1100 Lincoln Ave Apt 20, Walnut Creek, CA 94596-4730",,,,,
009,,Mar,,Nakabayashi,,,1100 Lincoln Ave Apt 21,Walnut Creek,CA,94596,4731,94596-4731,6/18/2021,37.900889,-122.05675,Mar Nakabayashi,Lincoln Ave,"1100 Lincoln Ave Apt 21, Walnut Creek, CA 94596-4731",,,,,
009,,,,,,,1100 Lincoln Ave Apt 22,Walnut Creek,CA,94596,4731,94596-4731,6/18/2021,37.900889,-122.05675, ,Lincoln Ave,"1100 Lincoln Ave Apt 22, Walnut Creek, CA 94596-4731",,,,,
009,Ms,Tonya,C,Holtan,,,1100 Lincoln Ave Apt 23,Walnut Creek,CA,94596,4731,94596-4731,6/18/2021,37.900889,-122.05675,Tonya C Holtan,Lincoln Ave,"1100 Lincoln Ave Apt 23, Walnut Creek, CA 94596-4731",,,,,
009,,Nallamotu,,Rajasekhar,,,1100 Lincoln Ave Apt 24,Walnut Creek,CA,94596,4731,94596-4731,6/18/2021,37.900889,-122.05675,Nallamotu Rajasekhar,Lincoln Ave,"1100 Lincoln Ave Apt 24, Walnut Creek, CA 94596-4731",,,,,
009,Mr,Carlos,E,Marquez,,,1100 Lincoln Ave Apt 25,Walnut Creek,CA,94596,4731,94596-4731,6/18/2021,37.900889,-122.05675,Carlos E Marquez,Lincoln Ave,"1100 Lincoln Ave Apt 25, Walnut Creek, CA 94596-4731",,,,,
009,,,,,,,1100 Lincoln Ave Apt 26,Walnut Creek,CA,94596,4731,94596-4731,6/18/2021,37.900889,-122.05675, ,Lincoln Ave,"1100 Lincoln Ave Apt 26, Walnut Creek, CA 94596-4731",,,,,
009,Ms,Mei,,Zheng,,,1100 Lincoln Ave Apt 27,Walnut Creek,CA,94596,4731,94596-4731,6/18/2021,37.900889,-122.05675,Mei Zheng,Lincoln Ave,"1100 Lincoln Ave Apt 27, Walnut Creek, CA 94596-4731",,,,,
009,Ms,Salina,,Lohacharoen,,,1100 Lincoln Ave Apt 28,Walnut Creek,CA,94596,4731,94596-4731,6/18/2021,37.900889,-122.05675,Salina Lohacharoen,Lincoln Ave,"1100 Lincoln Ave Apt 28, Walnut Creek, CA 94596-4731",,,,,
009,,,,,,,1100 Lincoln Ave Apt 29,Walnut Creek,CA,94596,4732,94596-4732,6/18/2021,37.900889,-122.05675, ,Lincoln Ave,"1100 Lincoln Ave Apt 29, Walnut Creek, CA 94596-4732",,,,,
009,Ms,Patricia,A,Spurlock,,,1100 Lincoln Ave Apt 30,Walnut Creek,CA,94596,4732,94596-4732,6/18/2021,37.900889,-122.05675,Patricia A Spurlock,Lincoln Ave,"1100 Lincoln Ave Apt 30, Walnut Creek, CA 94596-4732",,,,,
009,,Homaira,,Siddiqi,,,1100 Lincoln Ave Apt 31,Walnut Creek,CA,94596,4732,94596-4732,6/18/2021,37.900889,-122.05675,Homaira Siddiqi,Lincoln Ave,"1100 Lincoln Ave Apt 31, Walnut Creek, CA 94596-4732",,,,,
009,Mr,Ahmad,W,Amin,,,1100 Lincoln Ave Apt 32,Walnut Creek,CA,94596,4732,94596-4732,6/18/2021,37.900889,-122.05675,Ahmad W Amin,Lincoln Ave,"1100 Lincoln Ave Apt 32, Walnut Creek, CA 94596-4732",,,,,
009,Ms,Melanie,,Doolan,,,1100 Lincoln Ave Apt 33,Walnut Creek,CA,94596,4732,94596-4732,6/18/2021,37.900889,-122.05675,Melanie Doolan,Lincoln Ave,"1100 Lincoln Ave Apt 33, Walnut Creek, CA 94596-4732",,,,,
009,Mr,Ravi,,Vellore,,,1100 Lincoln Ave Apt 34,Walnut Creek,CA,94596,4732,94596-4732,6/18/2021,37.900889,-122.05675,Ravi Vellore,Lincoln Ave,"1100 Lincoln Ave Apt 34, Walnut Creek, CA 94596-4732",,,,,
009,Ms,Kristen,,Bagwell,,,1100 Lincoln Ave Apt 35,Walnut Creek,CA,94596,4732,94596-4732,6/18/2021,37.900889,-122.05675,Kristen Bagwell,Lincoln Ave,"1100 Lincoln Ave Apt 35, Walnut Creek, CA 94596-4732",,,,,
009,,,,,,,1100 Lincoln Ave Apt 36,Walnut Creek,CA,94596,4732,94596-4732,6/18/2021,37.900889,-122.05675, ,Lincoln Ave,"1100 Lincoln Ave Apt 36, Walnut Creek, CA 94596-4732",,,,,
009,Mr,Sandor,,Nemeth,,,1160 Lincoln Ave Apt 101,Walnut Creek,CA,94596,4733,94596-4733,6/18/2021,37.901653,-122.057143,Sandor Nemeth,Lincoln Ave,"1160 Lincoln Ave Apt 101, Walnut Creek, CA 94596-4733",,,,,
009,,,,,,,1160 Lincoln Ave Apt 102,Walnut Creek,CA,94596,4733,94596-4733,6/18/2021,37.901653,-122.057143, ,Lincoln Ave,"1160 Lincoln Ave Apt 102, Walnut Creek, CA 94596-4733",,,,,
009,Mr,Thomas,G,Haas,,,1160 Lincoln Ave Apt 103,Walnut Creek,CA,94596,4733,94596-4733,6/18/2021,37.901653,-122.057143,Thomas G Haas,Lincoln Ave,"1160 Lincoln Ave Apt 103, Walnut Creek, CA 94596-4733",,,,,
009,,,,,,,1160 Lincoln Ave Apt 104,Walnut Creek,CA,94596,4733,94596-4733,6/18/2021,37.901653,-122.057143, ,Lincoln Ave,"1160 Lincoln Ave Apt 104, Walnut Creek, CA 94596-4733",,,,,
009,,,,,,,1160 Lincoln Ave Apt 105,Walnut Creek,CA,94596,4733,94596-4733,6/18/2021,37.901653,-122.057143, ,Lincoln Ave,"1160 Lincoln Ave Apt 105, Walnut Creek, CA 94596-4733",,,,,
009,Ms,Jessica,,Bower,,,1160 Lincoln Ave Apt 106,Walnut Creek,CA,94596,4733,94596-4733,6/18/2021,37.901653,-122.057143,Jessica Bower,Lincoln Ave,"1160 Lincoln Ave Apt 106, Walnut Creek, CA 94596-4733",,,,,
009,Mr,Fernando,E,Ortiz,,,1160 Lincoln Ave Apt 107,Walnut Creek,CA,94596,4733,94596-4733,6/18/2021,37.901653,-122.057143,Fernando E Ortiz,Lincoln Ave,"1160 Lincoln Ave Apt 107, Walnut Creek, CA 94596-4733",,,,,
009,,,,,,,1160 Lincoln Ave Apt 108,Walnut Creek,CA,94596,4733,94596-4733,6/18/2021,37.901653,-122.057143, ,Lincoln Ave,"1160 Lincoln Ave Apt 108, Walnut Creek, CA 94596-4733",,,,,
009,Mr,Richard,T,Okuni,,,1160 Lincoln Ave Apt 109,Walnut Creek,CA,94596,4733,94596-4733,6/18/2021,37.901653,-122.057143,Richard T Okuni,Lincoln Ave,"1160 Lincoln Ave Apt 109, Walnut Creek, CA 94596-4733",,,,,
009,Ms,Jessica,L,Penno,,,1160 Lincoln Ave Apt 110,Walnut Creek,CA,94596,4701,94596-4701,6/18/2021,37.901653,-122.057143,Jessica L Penno,Lincoln Ave,"1160 Lincoln Ave Apt 110, Walnut Creek, CA 94596-4701",,,,,
009,Ms,Erika,,Chan,,,1160 Lincoln Ave Apt 111,Walnut Creek,CA,94596,4701,94596-4701,6/18/2021,37.901653,-122.057143,Erika Chan,Lincoln Ave,"1160 Lincoln Ave Apt 111, Walnut Creek, CA 94596-4701",,,,,
009,Mr,Vivek,C,Mathrani,,,1160 Lincoln Ave Apt 112,Walnut Creek,CA,94596,4701,94596-4701,6/18/2021,37.901653,-122.057143,Vivek C Mathrani,Lincoln Ave,"1160 Lincoln Ave Apt 112, Walnut Creek, CA 94596-4701",,,,,
009,Ms,Gabriela,A,Biondi,,,1160 Lincoln Ave Apt 113,Walnut Creek,CA,94596,4701,94596-4701,6/18/2021,37.901653,-122.057143,Gabriela A Biondi,Lincoln Ave,"1160 Lincoln Ave Apt 113, Walnut Creek, CA 94596-4701",,,,,
009,Ms,Jillian,W,Dibiase,,,1160 Lincoln Ave Apt 114,Walnut Creek,CA,94596,4701,94596-4701,6/18/2021,37.901653,-122.057143,Jillian W Dibiase,Lincoln Ave,"1160 Lincoln Ave Apt 114, Walnut Creek, CA 94596-4701",,,,,
009,,Kraystyna,,Gizinski,,,1160 Lincoln Ave Apt 115,Walnut Creek,CA,94596,4701,94596-4701,6/18/2021,37.901653,-122.057143,Kraystyna Gizinski,Lincoln Ave,"1160 Lincoln Ave Apt 115, Walnut Creek, CA 94596-4701",,,,,
009,Mr,Matthew,,Fowler,,,1160 Lincoln Ave Apt 116,Walnut Creek,CA,94596,4701,94596-4701,6/18/2021,37.901653,-122.057143,Matthew Fowler,Lincoln Ave,"1160 Lincoln Ave Apt 116, Walnut Creek, CA 94596-4701",,,,,
009,,,,,,,1160 Lincoln Ave Apt 117,Walnut Creek,CA,94596,4701,94596-4701,6/18/2021,37.901653,-122.057143, ,Lincoln Ave,"1160 Lincoln Ave Apt 117, Walnut Creek, CA 94596-4701",,,,,
009,,,,,,,1160 Lincoln Ave Apt 120,Walnut Creek,CA,94596,4701,94596-4701,6/18/2021,37.901653,-122.057143, ,Lincoln Ave,"1160 Lincoln Ave Apt 120, Walnut Creek, CA 94596-4701",,,,,
009,Mr,Robert,P,Coleman,,,1160 Lincoln Ave Apt 201,Walnut Creek,CA,94596,4701,94596-4701,6/18/2021,37.901653,-122.057143,Robert P Coleman,Lincoln Ave,"1160 Lincoln Ave Apt 201, Walnut Creek, CA 94596-4701",,,,,
009,,,,,,,1160 Lincoln Ave Apt 202,Walnut Creek,CA,94596,4701,94596-4701,6/18/2021,37.901653,-122.057143, ,Lincoln Ave,"1160 Lincoln Ave Apt 202, Walnut Creek, CA 94596-4701",,,,,
009,Ms,Kathryn,L,Gilman,,,1160 Lincoln Ave Apt 203,Walnut Creek,CA,94596,4734,94596-4734,6/18/2021,37.901653,-122.057143,Kathryn L Gilman,Lincoln Ave,"1160 Lincoln Ave Apt 203, Walnut Creek, CA 94596-4734",,,,,
009,Ms,Deborah,L,Berold,,,1160 Lincoln Ave Apt 204,Walnut Creek,CA,94596,4734,94596-4734,6/18/2021,37.901653,-122.057143,Deborah L Berold,Lincoln Ave,"1160 Lincoln Ave Apt 204, Walnut Creek, CA 94596-4734",,,,,
009,,,,,,,1160 Lincoln Ave Apt 205,Walnut Creek,CA,94596,4734,94596-4734,6/18/2021,37.901653,-122.057143, ,Lincoln Ave,"1160 Lincoln Ave Apt 205, Walnut Creek, CA 94596-4734",,,,,
009,Ms,Marilee,,Donohugh,,,1160 Lincoln Ave Apt 206,Walnut Creek,CA,94596,4734,94596-4734,6/18/2021,37.901653,-122.057143,Marilee Donohugh,Lincoln Ave,"1160 Lincoln Ave Apt 206, Walnut Creek, CA 94596-4734",,,,,
009,Mr,Bernie,,Huggins,,,1160 Lincoln Ave Apt 207,Walnut Creek,CA,94596,4734,94596-4734,6/18/2021,37.901653,-122.057143,Bernie Huggins,Lincoln Ave,"1160 Lincoln Ave Apt 207, Walnut Creek, CA 94596-4734",,,,,
009,,,,,,,1160 Lincoln Ave Apt 208,Walnut Creek,CA,94596,4734,94596-4734,6/18/2021,37.901653,-122.057143, ,Lincoln Ave,"1160 Lincoln Ave Apt 208, Walnut Creek, CA 94596-4734",,,,,
009,Ms,Natasha,Y,Yermakova,,,1160 Lincoln Ave Apt 209,Walnut Creek,CA,94596,4734,94596-4734,6/18/2021,37.901653,-122.057143,Natasha Y Yermakova,Lincoln Ave,"1160 Lincoln Ave Apt 209, Walnut Creek, CA 94596-4734",,,,,
009,Mr,George,,Chiu,,,1160 Lincoln Ave Apt 210,Walnut Creek,CA,94596,4734,94596-4734,6/18/2021,37.901653,-122.057143,George Chiu,Lincoln Ave,"1160 Lincoln Ave Apt 210, Walnut Creek, CA 94596-4734",,,,,
009,,,,,,,1160 Lincoln Ave Apt 211,Walnut Creek,CA,94596,4734,94596-4734,6/18/2021,37.901653,-122.057143, ,Lincoln Ave,"1160 Lincoln Ave Apt 211, Walnut Creek, CA 94596-4734",,,,,
009,,Ryan,,Nelkin,,,1160 Lincoln Ave Apt 212,Walnut Creek,CA,94596,4734,94596-4734,6/18/2021,37.901653,-122.057143,Ryan Nelkin,Lincoln Ave,"1160 Lincoln Ave Apt 212, Walnut Creek, CA 94596-4734",,,,,
009,Ms,Mildred,S,Foley,,,1160 Lincoln Ave Apt 213,Walnut Creek,CA,94596,4701,94596-4701,6/18/2021,37.901653,-122.057143,Mildred S Foley,Lincoln Ave,"1160 Lincoln Ave Apt 213, Walnut Creek, CA 94596-4701",,,,,
009,Ms,Erica,J,Meyer,,,1160 Lincoln Ave Apt 214,Walnut Creek,CA,94596,8509,94596-8509,6/18/2021,37.901653,-122.057143,Erica J Meyer,Lincoln Ave,"1160 Lincoln Ave Apt 214, Walnut Creek, CA 94596-8509",,,,,
009,,,,,,,1160 Lincoln Ave Apt 215,Walnut Creek,CA,94596,4702,94596-4702,6/18/2021,37.901653,-122.057143, ,Lincoln Ave,"1160 Lincoln Ave Apt 215, Walnut Creek, CA 94596-4702",,,,,
009,Mr,Jeremy,,Lancon,,,1160 Lincoln Ave Apt 216,Walnut Creek,CA,94596,4702,94596-4702,6/18/2021,37.901653,-122.057143,Jeremy Lancon,Lincoln Ave,"1160 Lincoln Ave Apt 216, Walnut Creek, CA 94596-4702",,,,,
009,Mr,Max,,Starodynov,,,1160 Lincoln Ave Apt 217,Walnut Creek,CA,94596,4702,94596-4702,6/18/2021,37.901653,-122.057143,Max Starodynov,Lincoln Ave,"1160 Lincoln Ave Apt 217, Walnut Creek, CA 94596-4702",,,,,
009,Ms,Carolina,,Wernicke,,,1160 Lincoln Ave Apt 301,Walnut Creek,CA,94596,4702,94596-4702,6/18/2021,37.901653,-122.057143,Carolina Wernicke,Lincoln Ave,"1160 Lincoln Ave Apt 301, Walnut Creek, CA 94596-4702",,,,,
009,Mr,Jason,T,Catalano,,,1160 Lincoln Ave Apt 302,Walnut Creek,CA,94596,4702,94596-4702,6/18/2021,37.901653,-122.057143,Jason T Catalano,Lincoln Ave,"1160 Lincoln Ave Apt 302, Walnut Creek, CA 94596-4702",,,,,
009,,,,,,,1160 Lincoln Ave Apt 303,Walnut Creek,CA,94596,4702,94596-4702,6/18/2021,37.901653,-122.057143, ,Lincoln Ave,"1160 Lincoln Ave Apt 303, Walnut Creek, CA 94596-4702",,,,,
009,,,,,,,1160 Lincoln Ave Apt 304,Walnut Creek,CA,94596,4702,94596-4702,6/18/2021,37.901653,-122.057143, ,Lincoln Ave,"1160 Lincoln Ave Apt 304, Walnut Creek, CA 94596-4702",,,,,
009,,,,,,,1160 Lincoln Ave Apt 305,Walnut Creek,CA,94596,4702,94596-4702,6/18/2021,37.901653,-122.057143, ,Lincoln Ave,"1160 Lincoln Ave Apt 305, Walnut Creek, CA 94596-4702",,,,,
009,,,,,,,1160 Lincoln Ave Apt 306,Walnut Creek,CA,94596,4702,94596-4702,6/18/2021,37.901653,-122.057143, ,Lincoln Ave,"1160 Lincoln Ave Apt 306, Walnut Creek, CA 94596-4702",,,,,
009,Ms,Katherine,,Barake,,,1160 Lincoln Ave Apt 307,Walnut Creek,CA,94596,4702,94596-4702,6/18/2021,37.901653,-122.057143,Katherine Barake,Lincoln Ave,"1160 Lincoln Ave Apt 307, Walnut Creek, CA 94596-4702",,,,,
009,Ms,Susan,M,Coombs,,,1160 Lincoln Ave Apt 308,Walnut Creek,CA,94596,4717,94596-4717,6/18/2021,37.901653,-122.057143,Susan M Coombs,Lincoln Ave,"1160 Lincoln Ave Apt 308, Walnut Creek, CA 94596-4717",,,,,
009,,,,,,,1160 Lincoln Ave Apt 309,Walnut Creek,CA,94596,4717,94596-4717,6/18/2021,37.901653,-122.057143, ,Lincoln Ave,"1160 Lincoln Ave Apt 309, Walnut Creek, CA 94596-4717",,,,,
009,Ms,Carol,A,Hottenrott,,,1160 Lincoln Ave Apt 310,Walnut Creek,CA,94596,4717,94596-4717,6/18/2021,37.901653,-122.057143,Carol A Hottenrott,Lincoln Ave,"1160 Lincoln Ave Apt 310, Walnut Creek, CA 94596-4717",,,,,
009,,,,,,,1160 Lincoln Ave Apt 311,Walnut Creek,CA,94596,4717,94596-4717,6/18/2021,37.901653,-122.057143, ,Lincoln Ave,"1160 Lincoln Ave Apt 311, Walnut Creek, CA 94596-4717",,,,,
009,Mr,Rudy,,Ramirez,,,1160 Lincoln Ave Apt 312,Walnut Creek,CA,94596,4717,94596-4717,6/18/2021,37.901653,-122.057143,Rudy Ramirez,Lincoln Ave,"1160 Lincoln Ave Apt 312, Walnut Creek, CA 94596-4717",,,,,
009,Ms,Jessica,,Vitorelo,,,1160 Lincoln Ave Apt 313,Walnut Creek,CA,94596,4717,94596-4717,6/18/2021,37.901653,-122.057143,Jessica Vitorelo,Lincoln Ave,"1160 Lincoln Ave Apt 313, Walnut Creek, CA 94596-4717",,,,,
009,,,,,,,1160 Lincoln Ave Apt 314,Walnut Creek,CA,94596,4717,94596-4717,6/18/2021,37.901653,-122.057143, ,Lincoln Ave,"1160 Lincoln Ave Apt 314, Walnut Creek, CA 94596-4717",,,,,
009,,,,,,,1160 Lincoln Ave Apt 315,Walnut Creek,CA,94596,4717,94596-4717,6/18/2021,37.901653,-122.057143, ,Lincoln Ave,"1160 Lincoln Ave Apt 315, Walnut Creek, CA 94596-4717",,,,,
009,,Rapee,,Sutham,,,1160 Lincoln Ave Apt 317,Walnut Creek,CA,94596,4717,94596-4717,6/18/2021,37.901653,-122.057143,Rapee Sutham,Lincoln Ave,"1160 Lincoln Ave Apt 317, Walnut Creek, CA 94596-4717",,,,,
009,,,,,,,1162 Lincoln Ave Ofc ,Walnut Creek,CA,94596,4715,94596-4715,6/18/2021,37.900855,-122.05731, ,Lincoln Ave,"1162 Lincoln Ave Ofc , Walnut Creek, CA 94596-4715",,,,,
009,Ms,Erin,E,Bright,,,1162 Lincoln Ave Apt 118,Walnut Creek,CA,94596,4703,94596-4703,6/18/2021,37.900855,-122.05731,Erin E Bright,Lincoln Ave,"1162 Lincoln Ave Apt 118, Walnut Creek, CA 94596-4703",,,,,
009,,Devoreaux,C,Stewart,,,1162 Lincoln Ave Apt 119,Walnut Creek,CA,94596,4703,94596-4703,6/18/2021,37.900855,-122.05731,Devoreaux C Stewart,Lincoln Ave,"1162 Lincoln Ave Apt 119, Walnut Creek, CA 94596-4703",,,,,
009,,,,,,,1162 Lincoln Ave Apt 120,Walnut Creek,CA,94596,4703,94596-4703,6/18/2021,37.900855,-122.05731, ,Lincoln Ave,"1162 Lincoln Ave Apt 120, Walnut Creek, CA 94596-4703",,,,,
009,,,,,,,1162 Lincoln Ave Apt 121,Walnut Creek,CA,94596,4703,94596-4703,6/18/2021,37.900855,-122.05731, ,Lincoln Ave,"1162 Lincoln Ave Apt 121, Walnut Creek, CA 94596-4703",,,,,
009,,,,,,,1162 Lincoln Ave Apt 122,Walnut Creek,CA,94596,4703,94596-4703,6/18/2021,37.900855,-122.05731, ,Lincoln Ave,"1162 Lincoln Ave Apt 122, Walnut Creek, CA 94596-4703",,,,,
009,Ms,Chekesha,,Galloway,,,1162 Lincoln Ave Apt 123,Walnut Creek,CA,94596,4703,94596-4703,6/18/2021,37.900855,-122.05731,Chekesha Galloway,Lincoln Ave,"1162 Lincoln Ave Apt 123, Walnut Creek, CA 94596-4703",,,,,
009,Ms,Julianne,R,Kingery,,,1162 Lincoln Ave Apt 124,Walnut Creek,CA,94596,4703,94596-4703,6/18/2021,37.900855,-122.05731,Julianne R Kingery,Lincoln Ave,"1162 Lincoln Ave Apt 124, Walnut Creek, CA 94596-4703",,,,,
009,,,,,,,1162 Lincoln Ave Apt 125,Walnut Creek,CA,94596,4703,94596-4703,6/18/2021,37.900855,-122.05731, ,Lincoln Ave,"1162 Lincoln Ave Apt 125, Walnut Creek, CA 94596-4703",,,,,
009,,,,,,,1162 Lincoln Ave Apt 126,Walnut Creek,CA,94596,4703,94596-4703,6/18/2021,37.900855,-122.05731, ,Lincoln Ave,"1162 Lincoln Ave Apt 126, Walnut Creek, CA 94596-4703",,,,,
009,Ms,Mela,L,Mcgary,,,1162 Lincoln Ave Apt 127,Walnut Creek,CA,94596,4703,94596-4703,6/18/2021,37.900855,-122.05731,Mela L Mcgary,Lincoln Ave,"1162 Lincoln Ave Apt 127, Walnut Creek, CA 94596-4703",,,,,
009,,Lee,,Wright,,,1162 Lincoln Ave Apt 128,Walnut Creek,CA,94596,4703,94596-4703,6/18/2021,37.900855,-122.05731,Lee Wright,Lincoln Ave,"1162 Lincoln Ave Apt 128, Walnut Creek, CA 94596-4703",,,,,
009,Ms,Lindsay,A,Gorishek,,,1162 Lincoln Ave Apt 129,Walnut Creek,CA,94596,4704,94596-4704,6/18/2021,37.900855,-122.05731,Lindsay A Gorishek,Lincoln Ave,"1162 Lincoln Ave Apt 129, Walnut Creek, CA 94596-4704",,,,,
009,Mr,Benjamin,S,Mandel,,,1162 Lincoln Ave Apt 130,Walnut Creek,CA,94596,4704,94596-4704,6/18/2021,37.900855,-122.05731,Benjamin S Mandel,Lincoln Ave,"1162 Lincoln Ave Apt 130, Walnut Creek, CA 94596-4704",,,,,
009,Ms,Alethea,K,Libran,,,1162 Lincoln Ave Apt 131,Walnut Creek,CA,94596,4704,94596-4704,6/18/2021,37.900855,-122.05731,Alethea K Libran,Lincoln Ave,"1162 Lincoln Ave Apt 131, Walnut Creek, CA 94596-4704",,,,,
009,Mr,Soroush,,Rezaie,,,1162 Lincoln Ave Apt 132,Walnut Creek,CA,94596,4704,94596-4704,6/18/2021,37.900855,-122.05731,Soroush Rezaie,Lincoln Ave,"1162 Lincoln Ave Apt 132, Walnut Creek, CA 94596-4704",,,,,
009,Ms,Marilyn,A,Kushner,,,1162 Lincoln Ave Apt 133,Walnut Creek,CA,94596,4704,94596-4704,6/18/2021,37.900855,-122.05731,Marilyn A Kushner,Lincoln Ave,"1162 Lincoln Ave Apt 133, Walnut Creek, CA 94596-4704",,,,,
009,Ms,Regina,,Gendelman,,,1162 Lincoln Ave Apt 134,Walnut Creek,CA,94596,4704,94596-4704,6/18/2021,37.900855,-122.05731,Regina Gendelman,Lincoln Ave,"1162 Lincoln Ave Apt 134, Walnut Creek, CA 94596-4704",,,,,
009,Mr,David,,Kirzhner,,,1162 Lincoln Ave Apt 135,Walnut Creek,CA,94596,4704,94596-4704,6/18/2021,37.900855,-122.05731,David Kirzhner,Lincoln Ave,"1162 Lincoln Ave Apt 135, Walnut Creek, CA 94596-4704",,,,,
009,Ms,Christine,M,Reneau,,,1162 Lincoln Ave Apt 218,Walnut Creek,CA,94596,4704,94596-4704,6/18/2021,37.900855,-122.05731,Christine M Reneau,Lincoln Ave,"1162 Lincoln Ave Apt 218, Walnut Creek, CA 94596-4704",,,,,
009,Mr,Brian,B,Bui,,,1162 Lincoln Ave Apt 219,Walnut Creek,CA,94596,4704,94596-4704,6/18/2021,37.900855,-122.05731,Brian B Bui,Lincoln Ave,"1162 Lincoln Ave Apt 219, Walnut Creek, CA 94596-4704",,,,,
009,,,,,,,1162 Lincoln Ave Apt 220,Walnut Creek,CA,94596,4704,94596-4704,6/18/2021,37.900855,-122.05731, ,Lincoln Ave,"1162 Lincoln Ave Apt 220, Walnut Creek, CA 94596-4704",,,,,
009,Mr,Keith,,Hansen,,,1162 Lincoln Ave Apt 221,Walnut Creek,CA,94596,4718,94596-4718,6/18/2021,37.900855,-122.05731,Keith Hansen,Lincoln Ave,"1162 Lincoln Ave Apt 221, Walnut Creek, CA 94596-4718",,,,,
009,,Takakatsu,,Fujikura,,,1162 Lincoln Ave Apt 222,Walnut Creek,CA,94596,4718,94596-4718,6/18/2021,37.900855,-122.05731,Takakatsu Fujikura,Lincoln Ave,"1162 Lincoln Ave Apt 222, Walnut Creek, CA 94596-4718",,,,,
009,,,,,,,1162 Lincoln Ave Apt 223,Walnut Creek,CA,94596,4718,94596-4718,6/18/2021,37.900855,-122.05731, ,Lincoln Ave,"1162 Lincoln Ave Apt 223, Walnut Creek, CA 94596-4718",,,,,
009,,,,,,,1162 Lincoln Ave Apt 224,Walnut Creek,CA,94596,4718,94596-4718,6/18/2021,37.900855,-122.05731, ,Lincoln Ave,"1162 Lincoln Ave Apt 224, Walnut Creek, CA 94596-4718",,,,,
009,Ms,Elena,,Zinger,,,1162 Lincoln Ave Apt 225,Walnut Creek,CA,94596,4718,94596-4718,6/18/2021,37.900855,-122.05731,Elena Zinger,Lincoln Ave,"1162 Lincoln Ave Apt 225, Walnut Creek, CA 94596-4718",,,,,
009,Ms,Jennifer,,Vaughn,,,1162 Lincoln Ave Apt 226,Walnut Creek,CA,94596,4718,94596-4718,6/18/2021,37.900855,-122.05731,Jennifer Vaughn,Lincoln Ave,"1162 Lincoln Ave Apt 226, Walnut Creek, CA 94596-4718",,,,,
009,Ms,Anindita,P,Pradhan,,,1162 Lincoln Ave Apt 227,Walnut Creek,CA,94596,4718,94596-4718,6/18/2021,37.900855,-122.05731,Anindita P Pradhan,Lincoln Ave,"1162 Lincoln Ave Apt 227, Walnut Creek, CA 94596-4718",,,,,
009,,,,,,,1162 Lincoln Ave Apt 228,Walnut Creek,CA,94596,4718,94596-4718,6/18/2021,37.900855,-122.05731, ,Lincoln Ave,"1162 Lincoln Ave Apt 228, Walnut Creek, CA 94596-4718",,,,,
009,Mr,Ethan,D,Masselli,,,1162 Lincoln Ave Apt 229,Walnut Creek,CA,94596,4718,94596-4718,6/18/2021,37.900855,-122.05731,Ethan D Masselli,Lincoln Ave,"1162 Lincoln Ave Apt 229, Walnut Creek, CA 94596-4718",,,,,
009,Mr,Brian,,Korn,,,1162 Lincoln Ave Apt 230,Walnut Creek,CA,94596,4718,94596-4718,6/18/2021,37.900855,-122.05731,Brian Korn,Lincoln Ave,"1162 Lincoln Ave Apt 230, Walnut Creek, CA 94596-4718",,,,,
009,Ms,Kenyetta,,Harris,,,1162 Lincoln Ave Apt 231,Walnut Creek,CA,94596,4705,94596-4705,6/18/2021,37.900855,-122.05731,Kenyetta Harris,Lincoln Ave,"1162 Lincoln Ave Apt 231, Walnut Creek, CA 94596-4705",,,,,
009,Ms,Kathleen,,Durham,,,1162 Lincoln Ave Apt 232,Walnut Creek,CA,94596,4705,94596-4705,6/18/2021,37.900855,-122.05731,Kathleen Durham,Lincoln Ave,"1162 Lincoln Ave Apt 232, Walnut Creek, CA 94596-4705",,,,,
009,,,,,,,1162 Lincoln Ave Apt 233,Walnut Creek,CA,94596,4705,94596-4705,6/18/2021,37.900855,-122.05731, ,Lincoln Ave,"1162 Lincoln Ave Apt 233, Walnut Creek, CA 94596-4705",,,,,
009,Mr,Lawrence,N,Binet,,,1162 Lincoln Ave Apt 235,Walnut Creek,CA,94596,4705,94596-4705,6/18/2021,37.900855,-122.05731,Lawrence N Binet,Lincoln Ave,"1162 Lincoln Ave Apt 235, Walnut Creek, CA 94596-4705",,,,,
009,Ms,Grazyna,,Ludwiczak,,,1162 Lincoln Ave Apt 318,Walnut Creek,CA,94596,4705,94596-4705,6/18/2021,37.900855,-122.05731,Grazyna Ludwiczak,Lincoln Ave,"1162 Lincoln Ave Apt 318, Walnut Creek, CA 94596-4705",,,,,
009,Ms,Barbara,M,Dobry,,,1162 Lincoln Ave Apt 319,Walnut Creek,CA,94596,4705,94596-4705,6/18/2021,37.900855,-122.05731,Barbara M Dobry,Lincoln Ave,"1162 Lincoln Ave Apt 319, Walnut Creek, CA 94596-4705",,,,,
009,Ms,Courtney,G,Gaffney,,,1162 Lincoln Ave Apt 320,Walnut Creek,CA,94596,4705,94596-4705,6/18/2021,37.900855,-122.05731,Courtney G Gaffney,Lincoln Ave,"1162 Lincoln Ave Apt 320, Walnut Creek, CA 94596-4705",,,,,
009,Mr,Jeff,,Bame,,,1162 Lincoln Ave Apt 321,Walnut Creek,CA,94596,4705,94596-4705,6/18/2021,37.900855,-122.05731,Jeff Bame,Lincoln Ave,"1162 Lincoln Ave Apt 321, Walnut Creek, CA 94596-4705",,,,,
009,Ms,Natalya,E,Gray,,,1162 Lincoln Ave Apt 322,Walnut Creek,CA,94596,4705,94596-4705,6/18/2021,37.900855,-122.05731,Natalya E Gray,Lincoln Ave,"1162 Lincoln Ave Apt 322, Walnut Creek, CA 94596-4705",,,,,
009,Ms,Theresa,V,Erwin,,,1162 Lincoln Ave Apt 323,Walnut Creek,CA,94596,4719,94596-4719,6/18/2021,37.900855,-122.05731,Theresa V Erwin,Lincoln Ave,"1162 Lincoln Ave Apt 323, Walnut Creek, CA 94596-4719",,,,,
009,Mr,Mahmood,M,Hiderzada,,,1162 Lincoln Ave Apt 324,Walnut Creek,CA,94596,4719,94596-4719,6/18/2021,37.900855,-122.05731,Mahmood M Hiderzada,Lincoln Ave,"1162 Lincoln Ave Apt 324, Walnut Creek, CA 94596-4719",,,,,
009,Mr,Andrew,P,Zenger,,,1162 Lincoln Ave Apt 325,Walnut Creek,CA,94596,4719,94596-4719,6/18/2021,37.900855,-122.05731,Andrew P Zenger,Lincoln Ave,"1162 Lincoln Ave Apt 325, Walnut Creek, CA 94596-4719",,,,,
009,Ms,May,N,Hussain,,,1162 Lincoln Ave Apt 326,Walnut Creek,CA,94596,4719,94596-4719,6/18/2021,37.900855,-122.05731,May N Hussain,Lincoln Ave,"1162 Lincoln Ave Apt 326, Walnut Creek, CA 94596-4719",,,,,
009,Mr,Garrett,A,Shoaff,,,1162 Lincoln Ave Apt 327,Walnut Creek,CA,94596,4719,94596-4719,6/18/2021,37.900855,-122.05731,Garrett A Shoaff,Lincoln Ave,"1162 Lincoln Ave Apt 327, Walnut Creek, CA 94596-4719",,,,,
009,,,,,,,1162 Lincoln Ave Apt 328,Walnut Creek,CA,94596,4719,94596-4719,6/18/2021,37.900855,-122.05731, ,Lincoln Ave,"1162 Lincoln Ave Apt 328, Walnut Creek, CA 94596-4719",,,,,
009,,,,,,,1162 Lincoln Ave Apt 329,Walnut Creek,CA,94596,4719,94596-4719,6/18/2021,37.900855,-122.05731, ,Lincoln Ave,"1162 Lincoln Ave Apt 329, Walnut Creek, CA 94596-4719",,,,,
009,Ms,Susan,,Berg,,,1162 Lincoln Ave Apt 330,Walnut Creek,CA,94596,4719,94596-4719,6/18/2021,37.900855,-122.05731,Susan Berg,Lincoln Ave,"1162 Lincoln Ave Apt 330, Walnut Creek, CA 94596-4719",,,,,
009,,,,,,,1162 Lincoln Ave Apt 331,Walnut Creek,CA,94596,4719,94596-4719,6/18/2021,37.900855,-122.05731, ,Lincoln Ave,"1162 Lincoln Ave Apt 331, Walnut Creek, CA 94596-4719",,,,,
009,,,,,,,1162 Lincoln Ave Apt 332,Walnut Creek,CA,94596,4719,94596-4719,6/18/2021,37.900855,-122.05731, ,Lincoln Ave,"1162 Lincoln Ave Apt 332, Walnut Creek, CA 94596-4719",,,,,
009,,,,,,,1162 Lincoln Ave Apt 333,Walnut Creek,CA,94596,8510,94596-8510,6/18/2021,37.900855,-122.05731, ,Lincoln Ave,"1162 Lincoln Ave Apt 333, Walnut Creek, CA 94596-8510",,,,,
009,Ms,Krystyna,,Nitschke,,,1162 Lincoln Ave Apt 335,Walnut Creek,CA,94596,8510,94596-8510,6/18/2021,37.900855,-122.05731,Krystyna Nitschke,Lincoln Ave,"1162 Lincoln Ave Apt 335, Walnut Creek, CA 94596-8510",,,,,
009,,,,,,,1164 Lincoln Ave Apt 136,Walnut Creek,CA,94596,4721,94596-4721,6/18/2021,37.900672,-122.057407, ,Lincoln Ave,"1164 Lincoln Ave Apt 136, Walnut Creek, CA 94596-4721",,,,,
009,,,,,,,1164 Lincoln Ave Apt 137,Walnut Creek,CA,94596,4721,94596-4721,6/18/2021,37.900672,-122.057407, ,Lincoln Ave,"1164 Lincoln Ave Apt 137, Walnut Creek, CA 94596-4721",,,,,
009,Mr,Jason,,Stoops,,,1164 Lincoln Ave Apt 138,Walnut Creek,CA,94596,4721,94596-4721,6/18/2021,37.900672,-122.057407,Jason Stoops,Lincoln Ave,"1164 Lincoln Ave Apt 138, Walnut Creek, CA 94596-4721",,,,,
009,,,,,,,1164 Lincoln Ave Apt 139,Walnut Creek,CA,94596,4721,94596-4721,6/18/2021,37.900672,-122.057407, ,Lincoln Ave,"1164 Lincoln Ave Apt 139, Walnut Creek, CA 94596-4721",,,,,
009,Ms,Ye,M,Maung,,,1164 Lincoln Ave Apt 140,Walnut Creek,CA,94596,4721,94596-4721,6/18/2021,37.900672,-122.057407,Ye M Maung,Lincoln Ave,"1164 Lincoln Ave Apt 140, Walnut Creek, CA 94596-4721",,,,,
009,Mr,Jarrett,,Jones,,,1164 Lincoln Ave Apt 141,Walnut Creek,CA,94596,4721,94596-4721,6/18/2021,37.900672,-122.057407,Jarrett Jones,Lincoln Ave,"1164 Lincoln Ave Apt 141, Walnut Creek, CA 94596-4721",,,,,
009,Mr,Christopher,M,Smith,,,1164 Lincoln Ave Apt 142,Walnut Creek,CA,94596,4721,94596-4721,6/18/2021,37.900672,-122.057407,Christopher M Smith,Lincoln Ave,"1164 Lincoln Ave Apt 142, Walnut Creek, CA 94596-4721",,,,,
009,,,,,,,1164 Lincoln Ave Apt 143,Walnut Creek,CA,94596,4721,94596-4721,6/18/2021,37.900672,-122.057407, ,Lincoln Ave,"1164 Lincoln Ave Apt 143, Walnut Creek, CA 94596-4721",,,,,
009,Ms,Linda,,Halim,,,1164 Lincoln Ave Apt 144,Walnut Creek,CA,94596,4721,94596-4721,6/18/2021,37.900672,-122.057407,Linda Halim,Lincoln Ave,"1164 Lincoln Ave Apt 144, Walnut Creek, CA 94596-4721",,,,,
009,Ms,Veronica,A,Davis,,,1164 Lincoln Ave Apt 145,Walnut Creek,CA,94596,4721,94596-4721,6/18/2021,37.900672,-122.057407,Veronica A Davis,Lincoln Ave,"1164 Lincoln Ave Apt 145, Walnut Creek, CA 94596-4721",,,,,
009,,,,,,,1164 Lincoln Ave Apt 146,Walnut Creek,CA,94596,4706,94596-4706,6/18/2021,37.900672,-122.057407, ,Lincoln Ave,"1164 Lincoln Ave Apt 146, Walnut Creek, CA 94596-4706",,,,,
009,Ms,Kara,,Blankenship,,,1164 Lincoln Ave Apt 147,Walnut Creek,CA,94596,4706,94596-4706,6/18/2021,37.900672,-122.057407,Kara Blankenship,Lincoln Ave,"1164 Lincoln Ave Apt 147, Walnut Creek, CA 94596-4706",,,,,
009,,,,,,,1164 Lincoln Ave Apt 148,Walnut Creek,CA,94596,4706,94596-4706,6/18/2021,37.900672,-122.057407, ,Lincoln Ave,"1164 Lincoln Ave Apt 148, Walnut Creek, CA 94596-4706",,,,,
009,Mr,Zackary,T,Franco,,,1164 Lincoln Ave Apt 149,Walnut Creek,CA,94596,4706,94596-4706,6/18/2021,37.900672,-122.057407,Zackary T Franco,Lincoln Ave,"1164 Lincoln Ave Apt 149, Walnut Creek, CA 94596-4706",,,,,
009,Ms,Barbara,,Curran,,,1164 Lincoln Ave Apt 150,Walnut Creek,CA,94596,4706,94596-4706,6/18/2021,37.900672,-122.057407,Barbara Curran,Lincoln Ave,"1164 Lincoln Ave Apt 150, Walnut Creek, CA 94596-4706",,,,,
009,Ms,Jane,J,James,,,1164 Lincoln Ave Apt 151,Walnut Creek,CA,94596,4706,94596-4706,6/18/2021,37.900672,-122.057407,Jane J James,Lincoln Ave,"1164 Lincoln Ave Apt 151, Walnut Creek, CA 94596-4706",,,,,
009,,Misugu,,Maruoka,,,1164 Lincoln Ave Apt 152,Walnut Creek,CA,94596,4706,94596-4706,6/18/2021,37.900672,-122.057407,Misugu Maruoka,Lincoln Ave,"1164 Lincoln Ave Apt 152, Walnut Creek, CA 94596-4706",,,,,
009,Mr,Jaroslav,,Skrenek,,,1164 Lincoln Ave Apt 153,Walnut Creek,CA,94596,4706,94596-4706,6/18/2021,37.900672,-122.057407,Jaroslav Skrenek,Lincoln Ave,"1164 Lincoln Ave Apt 153, Walnut Creek, CA 94596-4706",,,,,
009,Ms,Kathryn,L,Mccormick,,,1164 Lincoln Ave Apt 236,Walnut Creek,CA,94596,4706,94596-4706,6/18/2021,37.900672,-122.057407,Kathryn L Mccormick,Lincoln Ave,"1164 Lincoln Ave Apt 236, Walnut Creek, CA 94596-4706",,,,,
009,Ms,Natalie,,Tyson,,,1164 Lincoln Ave Apt 237,Walnut Creek,CA,94596,4706,94596-4706,6/18/2021,37.900672,-122.057407,Natalie Tyson,Lincoln Ave,"1164 Lincoln Ave Apt 237, Walnut Creek, CA 94596-4706",,,,,
009,,,,,,,1164 Lincoln Ave Apt 238,Walnut Creek,CA,94596,4722,94596-4722,6/18/2021,37.900672,-122.057407, ,Lincoln Ave,"1164 Lincoln Ave Apt 238, Walnut Creek, CA 94596-4722",,,,,
009,,,,,,,1164 Lincoln Ave Apt 239,Walnut Creek,CA,94596,4722,94596-4722,6/18/2021,37.900672,-122.057407, ,Lincoln Ave,"1164 Lincoln Ave Apt 239, Walnut Creek, CA 94596-4722",,,,,
009,,,,,,,1164 Lincoln Ave Apt 240,Walnut Creek,CA,94596,4722,94596-4722,6/18/2021,37.900672,-122.057407, ,Lincoln Ave,"1164 Lincoln Ave Apt 240, Walnut Creek, CA 94596-4722",,,,,
009,,,,,,,1164 Lincoln Ave Apt 241,Walnut Creek,CA,94596,4722,94596-4722,6/18/2021,37.900672,-122.057407, ,Lincoln Ave,"1164 Lincoln Ave Apt 241, Walnut Creek, CA 94596-4722",,,,,
009,,,,,,,1164 Lincoln Ave Apt 242,Walnut Creek,CA,94596,4722,94596-4722,6/18/2021,37.900672,-122.057407, ,Lincoln Ave,"1164 Lincoln Ave Apt 242, Walnut Creek, CA 94596-4722",,,,,
009,Mrs,Suzanne,H,Chun,,,1164 Lincoln Ave Apt 243,Walnut Creek,CA,94596,4722,94596-4722,6/18/2021,37.900672,-122.057407,Suzanne H Chun,Lincoln Ave,"1164 Lincoln Ave Apt 243, Walnut Creek, CA 94596-4722",,,,,
009,Ms,Arianna,,Concha,,,1164 Lincoln Ave Apt 244,Walnut Creek,CA,94596,4722,94596-4722,6/18/2021,37.900672,-122.057407,Arianna Concha,Lincoln Ave,"1164 Lincoln Ave Apt 244, Walnut Creek, CA 94596-4722",,,,,
009,,,,,,,1164 Lincoln Ave Apt 245,Walnut Creek,CA,94596,4722,94596-4722,6/18/2021,37.900672,-122.057407, ,Lincoln Ave,"1164 Lincoln Ave Apt 245, Walnut Creek, CA 94596-4722",,,,,
009,,,,,,,1164 Lincoln Ave Apt 246,Walnut Creek,CA,94596,4722,94596-4722,6/18/2021,37.900672,-122.057407, ,Lincoln Ave,"1164 Lincoln Ave Apt 246, Walnut Creek, CA 94596-4722",,,,,
009,Mr,Dennis,O,Talbot,,,1164 Lincoln Ave Apt 247,Walnut Creek,CA,94596,4722,94596-4722,6/18/2021,37.900672,-122.057407,Dennis O Talbot,Lincoln Ave,"1164 Lincoln Ave Apt 247, Walnut Creek, CA 94596-4722",,,,,
009,Mr,John,,French,,,1164 Lincoln Ave Apt 248,Walnut Creek,CA,94596,4722,94596-4722,6/18/2021,37.900672,-122.057407,John French,Lincoln Ave,"1164 Lincoln Ave Apt 248, Walnut Creek, CA 94596-4722",,,,,
009,,,,,,,1164 Lincoln Ave Apt 249,Walnut Creek,CA,94596,4707,94596-4707,6/18/2021,37.900672,-122.057407, ,Lincoln Ave,"1164 Lincoln Ave Apt 249, Walnut Creek, CA 94596-4707",,,,,
009,,,,,,,1164 Lincoln Ave Apt 250,Walnut Creek,CA,94596,4707,94596-4707,6/18/2021,37.900672,-122.057407, ,Lincoln Ave,"1164 Lincoln Ave Apt 250, Walnut Creek, CA 94596-4707",,,,,
009,Mr,Atsushi,,Morisato,,,1164 Lincoln Ave Apt 251,Walnut Creek,CA,94596,4707,94596-4707,6/18/2021,37.900672,-122.057407,Atsushi Morisato,Lincoln Ave,"1164 Lincoln Ave Apt 251, Walnut Creek, CA 94596-4707",,,,,
009,,Balu,N,Rajagopalan,,,1164 Lincoln Ave Apt 252,Walnut Creek,CA,94596,4707,94596-4707,6/18/2021,37.900672,-122.057407,Balu N Rajagopalan,Lincoln Ave,"1164 Lincoln Ave Apt 252, Walnut Creek, CA 94596-4707",,,,,
009,,,,,,,1164 Lincoln Ave Apt 253,Walnut Creek,CA,94596,4707,94596-4707,6/18/2021,37.900672,-122.057407, ,Lincoln Ave,"1164 Lincoln Ave Apt 253, Walnut Creek, CA 94596-4707",,,,,
009,Ms,Yolanda,,Dulay,,,1164 Lincoln Ave Apt 336,Walnut Creek,CA,94596,4707,94596-4707,6/18/2021,37.900672,-122.057407,Yolanda Dulay,Lincoln Ave,"1164 Lincoln Ave Apt 336, Walnut Creek, CA 94596-4707",,,,,
009,,,,,,,1164 Lincoln Ave Apt 337,Walnut Creek,CA,94596,4707,94596-4707,6/18/2021,37.900672,-122.057407, ,Lincoln Ave,"1164 Lincoln Ave Apt 337, Walnut Creek, CA 94596-4707",,,,,
009,Ms,Braiana,,Olchin,,,1164 Lincoln Ave Apt 338,Walnut Creek,CA,94596,4707,94596-4707,6/18/2021,37.900672,-122.057407,Braiana Olchin,Lincoln Ave,"1164 Lincoln Ave Apt 338, Walnut Creek, CA 94596-4707",,,,,
009,Mr,Austin,,Johnson,,,1164 Lincoln Ave Apt 339,Walnut Creek,CA,94596,4707,94596-4707,6/18/2021,37.900672,-122.057407,Austin Johnson,Lincoln Ave,"1164 Lincoln Ave Apt 339, Walnut Creek, CA 94596-4707",,,,,
009,Mr,Anthony,L,Hall,,,1164 Lincoln Ave Apt 340,Walnut Creek,CA,94596,4714,94596-4714,6/18/2021,37.900672,-122.057407,Anthony L Hall,Lincoln Ave,"1164 Lincoln Ave Apt 340, Walnut Creek, CA 94596-4714",,,,,
009,Mr,Victor,J,Allessio,,,1164 Lincoln Ave Apt 341,Walnut Creek,CA,94596,4714,94596-4714,6/18/2021,37.900672,-122.057407,Victor J Allessio,Lincoln Ave,"1164 Lincoln Ave Apt 341, Walnut Creek, CA 94596-4714",,,,,
009,,,,,,,1164 Lincoln Ave Apt 342,Walnut Creek,CA,94596,4714,94596-4714,6/18/2021,37.900672,-122.057407, ,Lincoln Ave,"1164 Lincoln Ave Apt 342, Walnut Creek, CA 94596-4714",,,,,
009,Mr,Luis,G,Gachet,,,1164 Lincoln Ave Apt 343,Walnut Creek,CA,94596,4714,94596-4714,6/18/2021,37.900672,-122.057407,Luis G Gachet,Lincoln Ave,"1164 Lincoln Ave Apt 343, Walnut Creek, CA 94596-4714",,,,,
009,,,,,,,1164 Lincoln Ave Apt 344,Walnut Creek,CA,94596,4714,94596-4714,6/18/2021,37.900672,-122.057407, ,Lincoln Ave,"1164 Lincoln Ave Apt 344, Walnut Creek, CA 94596-4714",,,,,
009,,,,,,,1164 Lincoln Ave Apt 345,Walnut Creek,CA,94596,4714,94596-4714,6/18/2021,37.900672,-122.057407, ,Lincoln Ave,"1164 Lincoln Ave Apt 345, Walnut Creek, CA 94596-4714",,,,,
009,Mr,Andrew,J,Augustine,,,1164 Lincoln Ave Apt 346,Walnut Creek,CA,94596,4714,94596-4714,6/18/2021,37.900672,-122.057407,Andrew J Augustine,Lincoln Ave,"1164 Lincoln Ave Apt 346, Walnut Creek, CA 94596-4714",,,,,
009,Mr,Peyman,,Lavi,,,1164 Lincoln Ave Apt 347,Walnut Creek,CA,94596,4714,94596-4714,6/18/2021,37.900672,-122.057407,Peyman Lavi,Lincoln Ave,"1164 Lincoln Ave Apt 347, Walnut Creek, CA 94596-4714",,,,,
009,,,,,,,1164 Lincoln Ave Apt 348,Walnut Creek,CA,94596,4714,94596-4714,6/18/2021,37.900672,-122.057407, ,Lincoln Ave,"1164 Lincoln Ave Apt 348, Walnut Creek, CA 94596-4714",,,,,
009,Mr,Gregory,A,White,,,1164 Lincoln Ave Apt 349,Walnut Creek,CA,94596,4714,94596-4714,6/18/2021,37.900672,-122.057407,Gregory A White,Lincoln Ave,"1164 Lincoln Ave Apt 349, Walnut Creek, CA 94596-4714",,,,,
009,,,,,,,1164 Lincoln Ave Apt 350,Walnut Creek,CA,94596,8511,94596-8511,6/18/2021,37.900672,-122.057407, ,Lincoln Ave,"1164 Lincoln Ave Apt 350, Walnut Creek, CA 94596-8511",,,,,
009,Ms,Erin,,Oakes,,,1164 Lincoln Ave Apt 351,Walnut Creek,CA,94596,8511,94596-8511,6/18/2021,37.900672,-122.057407,Erin Oakes,Lincoln Ave,"1164 Lincoln Ave Apt 351, Walnut Creek, CA 94596-8511",,,,,
009,Ms,Yevgen,,Popov,,,1164 Lincoln Ave Apt 352,Walnut Creek,CA,94596,8511,94596-8511,6/18/2021,37.900672,-122.057407,Yevgen Popov,Lincoln Ave,"1164 Lincoln Ave Apt 352, Walnut Creek, CA 94596-8511",,,,,
009,Ms,Mary,B,Mraovich,,,1164 Lincoln Ave Apt 353,Walnut Creek,CA,94596,8511,94596-8511,6/18/2021,37.900672,-122.057407,Mary B Mraovich,Lincoln Ave,"1164 Lincoln Ave Apt 353, Walnut Creek, CA 94596-8511",,,,,
009,,,,,,,1170 Lincoln Ave Apt 1,Walnut Creek,CA,94596,4725,94596-4725,6/18/2021,37.900957,-122.057718, ,Lincoln Ave,"1170 Lincoln Ave Apt 1, Walnut Creek, CA 94596-4725",,,,,
009,,,,,,,1170 Lincoln Ave Apt 2,Walnut Creek,CA,94596,4725,94596-4725,6/18/2021,37.900957,-122.057718, ,Lincoln Ave,"1170 Lincoln Ave Apt 2, Walnut Creek, CA 94596-4725",,,,,
009,Ms,Aristea,,Simvoulakis,,,1170 Lincoln Ave Apt 3,Walnut Creek,CA,94596,4725,94596-4725,6/18/2021,37.900957,-122.057718,Aristea Simvoulakis,Lincoln Ave,"1170 Lincoln Ave Apt 3, Walnut Creek, CA 94596-4725",,,,,
009,,,,,,,1170 Lincoln Ave Apt 4,Walnut Creek,CA,94596,4725,94596-4725,6/18/2021,37.900957,-122.057718, ,Lincoln Ave,"1170 Lincoln Ave Apt 4, Walnut Creek, CA 94596-4725",,,,,
009,,,,,,,1170 Lincoln Ave Apt 5,Walnut Creek,CA,94596,4795,94596-4795,6/18/2021,37.900957,-122.057718, ,Lincoln Ave,"1170 Lincoln Ave Apt 5, Walnut Creek, CA 94596-4795",,,,,
009,,,,,,,1170 Lincoln Ave Apt 6,Walnut Creek,CA,94596,4795,94596-4795,6/18/2021,37.900957,-122.057718, ,Lincoln Ave,"1170 Lincoln Ave Apt 6, Walnut Creek, CA 94596-4795",,,,,
009,,,,,,,1170 Lincoln Ave Apt 7,Walnut Creek,CA,94596,4795,94596-4795,6/18/2021,37.900957,-122.057718, ,Lincoln Ave,"1170 Lincoln Ave Apt 7, Walnut Creek, CA 94596-4795",,,,,
009,,,,,,,1170 Lincoln Ave Apt 8,Walnut Creek,CA,94596,4795,94596-4795,6/18/2021,37.900957,-122.057718, ,Lincoln Ave,"1170 Lincoln Ave Apt 8, Walnut Creek, CA 94596-4795",,,,,
009,,,,,,,1170 Lincoln Ave Apt 9,Walnut Creek,CA,94596,4796,94596-4796,6/18/2021,37.900957,-122.057718, ,Lincoln Ave,"1170 Lincoln Ave Apt 9, Walnut Creek, CA 94596-4796",,,,,
009,,,,,,,1170 Lincoln Ave Apt 10,Walnut Creek,CA,94596,4796,94596-4796,6/18/2021,37.900957,-122.057718, ,Lincoln Ave,"1170 Lincoln Ave Apt 10, Walnut Creek, CA 94596-4796",,,,,
009,,,,,,,1170 Lincoln Ave Apt 11,Walnut Creek,CA,94596,4796,94596-4796,6/18/2021,37.900957,-122.057718, ,Lincoln Ave,"1170 Lincoln Ave Apt 11, Walnut Creek, CA 94596-4796",,,,,
009,,,,,,,1170 Lincoln Ave Apt 12,Walnut Creek,CA,94596,4796,94596-4796,6/18/2021,37.900957,-122.057718, ,Lincoln Ave,"1170 Lincoln Ave Apt 12, Walnut Creek, CA 94596-4796",,,,,
009,,,,,,,1170 Lincoln Ave Apt 14B,Walnut Creek,CA,94596,4726,94596-4726,6/18/2021,37.900957,-122.057718, ,Lincoln Ave,"1170 Lincoln Ave Apt 14B, Walnut Creek, CA 94596-4726",,,,,
009,,,,,,,1170 Lincoln Ave Apt 15,Walnut Creek,CA,94596,4726,94596-4726,6/18/2021,37.900957,-122.057718, ,Lincoln Ave,"1170 Lincoln Ave Apt 15, Walnut Creek, CA 94596-4726",,,,,
009,Ms,Vijayalaksh,,Sankarasubbu,,,1170 Lincoln Ave Apt 16,Walnut Creek,CA,94596,4726,94596-4726,6/18/2021,37.900957,-122.057718,Vijayalaksh Sankarasubbu,Lincoln Ave,"1170 Lincoln Ave Apt 16, Walnut Creek, CA 94596-4726",,,,,
009,,,,,,,1170 Lincoln Ave Apt 17,Walnut Creek,CA,94596,4797,94596-4797,6/18/2021,37.900957,-122.057718, ,Lincoln Ave,"1170 Lincoln Ave Apt 17, Walnut Creek, CA 94596-4797",,,,,
009,,,,,,,1170 Lincoln Ave Apt 18,Walnut Creek,CA,94596,4797,94596-4797,6/18/2021,37.900957,-122.057718, ,Lincoln Ave,"1170 Lincoln Ave Apt 18, Walnut Creek, CA 94596-4797",,,,,
009,,,,,,,1170 Lincoln Ave Apt 19,Walnut Creek,CA,94596,4797,94596-4797,6/18/2021,37.900957,-122.057718, ,Lincoln Ave,"1170 Lincoln Ave Apt 19, Walnut Creek, CA 94596-4797",,,,,
009,,,,,,,1170 Lincoln Ave Apt 20,Walnut Creek,CA,94596,4797,94596-4797,6/18/2021,37.900957,-122.057718, ,Lincoln Ave,"1170 Lincoln Ave Apt 20, Walnut Creek, CA 94596-4797",,,,,
009,Ms,Julie,A,Marcelletta,,,1170 Lincoln Ave Apt 21,Walnut Creek,CA,94596,4727,94596-4727,6/18/2021,37.900957,-122.057718,Julie A Marcelletta,Lincoln Ave,"1170 Lincoln Ave Apt 21, Walnut Creek, CA 94596-4727",,,,,
009,,Jackie,,Graham,,,1170 Lincoln Ave Apt 22,Walnut Creek,CA,94596,4727,94596-4727,6/18/2021,37.900957,-122.057718,Jackie Graham,Lincoln Ave,"1170 Lincoln Ave Apt 22, Walnut Creek, CA 94596-4727",,,,,
009,,,,,,,1170 Lincoln Ave Apt 23,Walnut Creek,CA,94596,4727,94596-4727,6/18/2021,37.900957,-122.057718, ,Lincoln Ave,"1170 Lincoln Ave Apt 23, Walnut Creek, CA 94596-4727",,,,,
009,Mr,Matt,,Hess,,,1170 Lincoln Ave Apt 24,Walnut Creek,CA,94596,4727,94596-4727,6/18/2021,37.900957,-122.057718,Matt Hess,Lincoln Ave,"1170 Lincoln Ave Apt 24, Walnut Creek, CA 94596-4727",,,,,
009,,,,,,,1170 Lincoln Ave Apt 25,Walnut Creek,CA,94596,4798,94596-4798,6/18/2021,37.900957,-122.057718, ,Lincoln Ave,"1170 Lincoln Ave Apt 25, Walnut Creek, CA 94596-4798",,,,,
009,,,,,,,1170 Lincoln Ave Apt 26,Walnut Creek,CA,94596,4798,94596-4798,6/18/2021,37.900957,-122.057718, ,Lincoln Ave,"1170 Lincoln Ave Apt 26, Walnut Creek, CA 94596-4798",,,,,
009,,,,,,,1170 Lincoln Ave Apt 27,Walnut Creek,CA,94596,4798,94596-4798,6/18/2021,37.900957,-122.057718, ,Lincoln Ave,"1170 Lincoln Ave Apt 27, Walnut Creek, CA 94596-4798",,,,,
009,,,,,,,1170 Lincoln Ave Apt 28,Walnut Creek,CA,94596,4798,94596-4798,6/18/2021,37.900957,-122.057718, ,Lincoln Ave,"1170 Lincoln Ave Apt 28, Walnut Creek, CA 94596-4798",,,,,
009,,,,,,,1170 Lincoln Ave Apt 29,Walnut Creek,CA,94596,4799,94596-4799,6/18/2021,37.900957,-122.057718, ,Lincoln Ave,"1170 Lincoln Ave Apt 29, Walnut Creek, CA 94596-4799",,,,,
009,,,,,,,1170 Lincoln Ave Apt 30,Walnut Creek,CA,94596,4799,94596-4799,6/18/2021,37.900957,-122.057718, ,Lincoln Ave,"1170 Lincoln Ave Apt 30, Walnut Creek, CA 94596-4799",,,,,
009,,,,,,,1170 Lincoln Ave Apt 31,Walnut Creek,CA,94596,4799,94596-4799,6/18/2021,37.900957,-122.057718, ,Lincoln Ave,"1170 Lincoln Ave Apt 31, Walnut Creek, CA 94596-4799",,,,,
009,Ms,Stephanie,S,Slye,,,1170 Lincoln Ave Apt 32,Walnut Creek,CA,94596,4799,94596-4799,6/18/2021,37.900957,-122.057718,Stephanie S Slye,Lincoln Ave,"1170 Lincoln Ave Apt 32, Walnut Creek, CA 94596-4799",,,,,
009,Ms,Jordan,,Kuduk,,,1170 Lincoln Ave Apt 33,Walnut Creek,CA,94596,4728,94596-4728,6/18/2021,37.900957,-122.057718,Jordan Kuduk,Lincoln Ave,"1170 Lincoln Ave Apt 33, Walnut Creek, CA 94596-4728",,,,,
009,Mr,Wendell,,Brown,,,1170 Lincoln Ave Apt 34,Walnut Creek,CA,94596,4728,94596-4728,6/18/2021,37.900957,-122.057718,Wendell Brown,Lincoln Ave,"1170 Lincoln Ave Apt 34, Walnut Creek, CA 94596-4728",,,,,
009,,,,,,,1170 Lincoln Ave Apt 35,Walnut Creek,CA,94596,4728,94596-4728,6/18/2021,37.900957,-122.057718, ,Lincoln Ave,"1170 Lincoln Ave Apt 35, Walnut Creek, CA 94596-4728",,,,,
009,,,,,,,1170 Lincoln Ave Apt 36,Walnut Creek,CA,94596,4728,94596-4728,6/18/2021,37.900957,-122.057718, ,Lincoln Ave,"1170 Lincoln Ave Apt 36, Walnut Creek, CA 94596-4728",,,,,
009,Ms,Johanna,L,Wilson,,,1170 Lincoln Ave Apt 37,Walnut Creek,CA,94596,8508,94596-8508,6/18/2021,37.900957,-122.057718,Johanna L Wilson,Lincoln Ave,"1170 Lincoln Ave Apt 37, Walnut Creek, CA 94596-8508",,,,,
009,Mr,Tim,,Aulman,,,1170 Lincoln Ave Apt 38,Walnut Creek,CA,94596,8508,94596-8508,6/18/2021,37.900957,-122.057718,Tim Aulman,Lincoln Ave,"1170 Lincoln Ave Apt 38, Walnut Creek, CA 94596-8508",,,,,
009,,,,,,,1224 Lincoln Ave ,Walnut Creek,CA,94596,4635,94596-4635,6/18/2021,37.900776,-122.058977, ,Lincoln Ave,"1224 Lincoln Ave , Walnut Creek, CA 94596-4635",,,,,